,College Code,College Name,Course,Type,SM,EZ,MU,BH,LA,DV,VK,BX,KU,KN,SC,ST
0,ILE,"ILM College of Engineering, Perumbavoor, Ernakulam.",Aeronautical Engineering,S,51741,0,0,0,0,0,0,0,0,0,0,0
1,JCE,"Jawaharlal College of Engineering & Technology, Ottappalam.",Aeronautical Engineering,S,52539,0,0,0,0,0,0,0,0,0,0,0
2,MHP,"Ace College of Engineering, .Thiruvallam.",Aeronautical Engineering,S,51501,0,0,0,0,0,0,0,0,0,0,0
3,MZC,"Mount Zion College of Engg., Pathanamthitta.",Aeronautical Engineering,S,48014,0,0,0,0,0,0,0,0,0,0,0
4,RIE,"Rajadhani Institute of Engineering & Tech., Attingal.",Aeronautical Engineering,S,52146,0,0,0,0,0,0,0,0,0,0,0
5,KKE,"Govt. Engineering College, Kozhikkode.",Applied Electonics & Instrumentation,G,13390,19425,17668,28755,38169,0,25196,40405,0,0,49154,0
6,TVE,"College of Engineering,Thiruvananthapuram.",Applied Electonics & Instrumentation,G,2068,3281,4669,3389,4810,43391,4980,7258,11712,0,44790,0
7,LBT,"LBS Institute of Tech. for Women, Poojapura, TVPM",Applied Electonics & Instrumentation,N,52046,0,0,0,0,0,0,0,0,0,0,0
8,KMC,"KMCT College of  Engineering, Kozhikkode.",Applied Electonics & Instrumentation,S,33558,0,0,0,0,0,0,0,0,0,0,0
9,MZC,"Mount Zion College of Engg., Pathanamthitta.",Applied Electonics & Instrumentation,S,43411,0,0,0,0,0,0,0,0,0,0,0
10,PAA,"P A Aziz College of Engineering, Karakulam, Thiruvananthapuram",Applied Electonics & Instrumentation,S,0,0,0,0,0,0,0,0,0,0,0,0
11,RET,"Rajagiri School of Engineering and Technology, Kochi.",Applied Electonics & Instrumentation,S,46510,0,0,0,0,0,0,0,0,0,0,0
12,VML,"Vimal Jyothi Engineering College, Chemperi.",Applied Electonics & Instrumentation,S,51146,0,0,0,0,0,0,0,0,0,0,0
13,KTE,"Govt. Rajiv Gandhi Institute of Tech., Kottayam.",Architecture,G,163,401,244,254,876,0,0,1320,3319,2134,1737,0
14,TCR,"Govt. Engineering College,Thrissur.",Architecture,G,145,363,170,258,756,1100,205,0,0,0,1640,3508
15,TKM,"T K M College of Engineering, Kollam.",Architecture,G,132,278,159,193,794,1202,203,184,1747,2560,1716,0
16,TVE,"College of Engineering,Thiruvananthapuram.",Architecture,G,29,168,61,73,112,0,199,0,0,0,889,0
17,ALR,"Alsalama Institute of Architecture, Perinthalmanna",Architecture,S,1638,1757,1696,2493,0,0,1980,0,0,0,0,0
18,APR,"A P J Abdul Kalam School of Architecture, Muvattupuzha, Ernakulam",Architecture,S,1007,1270,1568,0,0,0,0,3029,0,0,3189,0
19,ASR,"Asian School of Architecture and Design Innovations, Vyttila.",Architecture,S,1332,1528,1375,2584,1879,0,0,0,0,0,3360,0
20,AVR,"Avani Institute of Design, Kozhikkode.",Architecture,S,426,666,490,649,1271,2650,504,0,0,0,3646,0
21,BJR,"Bishop Jerome Institute School of Architecture, Kollam",Architecture,S,894,1140,1409,2675,1016,0,0,0,0,0,0,0
22,CEN,"College of Engineering and Technology, Payyannur, Kannur.",Architecture,S,1830,1981,1834,0,0,0,2099,0,0,0,2044,0
23,DCR,"DC School of Architecture and Design, Pullikkanam.",Architecture,S,1571,1964,1750,1573,3533,3259,0,0,0,0,0,0
24,DGR,"Devaki Amma's Guruvayurappan College of Architecture,",Architecture,S,1082,1312,1190,1922,1930,0,2154,0,0,0,0,0
25,EKR,"Eranad Knowledge City College of Architecture, Manjeri,",Architecture,S,1605,2203,1712,1775,2528,0,2394,0,0,0,0,0
26,GIR,"Global Institute of Architecture, Pathiripala, Palakkad.",Architecture,S,2160,2463,2235,2881,2454,0,0,0,0,0,0,0
27,HCA,"Holy Crescent College of Architecture, Vazhakulam.",Architecture,S,1846,1947,2040,2471,1865,0,2114,0,0,0,0,0
28,IER,IES College of Architecture. Chittilappilly.,Architecture,S,667,726,800,1278,0,0,0,0,0,0,2553,0
29,KMR,"K M E A College of Architecture, Aluva.",Architecture,S,1023,1188,1330,1427,1914,2507,1178,0,0,0,3423,0
30,KTR,"KMCT College of Architecture, Kozhikkode.",Architecture,S,1958,1959,2003,0,0,0,0,2789,0,0,0,0
31,MCR,"Marian College of Architecture & Planning, Kazhakuttom.",Architecture,S,990,1079,1273,1322,1708,3622,1458,0,0,0,3283,0
32,MER,"MES College of Architecture, Kakkodi.",Architecture,S,1090,1372,1108,2125,0,0,0,0,0,0,0,0
33,MKR,"School of Architecture, Eatappilly.",Architecture,S,2297,2648,2332,0,0,0,3037,0,0,0,0,0
34,MLR,"Mangalam School of Architecture, Kottayam.",Architecture,S,1488,2164,1507,2365,2282,0,0,2541,0,0,2290,0
35,MRR,"MES School of Architecture, Kuttippuram, Malappuram",Architecture,S,355,486,364,0,0,0,0,0,0,0,2016,0
36,MTR,"KMCT College of Architecture, Manassery,  Kozhikkode.",Architecture,S,2065,2119,2085,0,0,3251,2599,0,0,0,0,0
37,NCR,"Nehru College of Architecture, Lakkidi, Palakkad.",Architecture,S,2133,2485,2216,2745,0,0,0,0,0,0,0,0
38,NMR,"Nizar Rahim and Mark School of Architecture, Kollam.",Architecture,S,2029,2280,2150,3011,3071,0,0,0,0,0,0,0
39,NVR,"College of Architecture Trivandrum, Thiruvananthapuram.",Architecture,S,350,634,502,353,1052,1717,886,1341,0,0,3630,0
40,SCR,"SCMS School of Architecture, Ernakulam",Architecture,S,812,1143,1068,1743,1725,0,0,0,0,0,3644,0
41,SNR,"Sneha College of Architecture, Govindapuram,.",Architecture,S,2578,2869,2769,3135,0,0,3002,0,0,0,0,0
42,TER,"TKM School of Architecture, Ezhukone, Kollam.",Architecture,S,596,652,748,0,0,0,0,1546,0,0,2388,0
43,TIR,"Talent Institute of Architecture, Edappal.",Architecture,S,2626,2777,2701,0,0,0,2992,0,0,0,0,0
44,TJR,"Thejus College of Architecture, Erumapetti.",Architecture,S,1993,2279,2108,3031,2046,3281,2030,0,0,0,3450,0
45,VVR,"Veda Vyasa College of Architecture, Ponnempadam, Malappuram.",Architecture,S,2118,2266,2185,0,0,0,0,0,0,0,0,0
46,JEC,"Jyothi Engineering College, Cheruthuruthy.",Aritificial Intelligence and Data Science,S,52367,0,0,0,0,0,0,0,0,0,0,0
47,MES,"M E S College of Engineering, Kuttippuram.",Aritificial Intelligence and Data Science,S,49284,0,0,0,0,0,0,0,0,0,0,0
48,RET,"Rajagiri School of Engineering and Technology, Kochi.",Aritificial Intelligence and Data Science,S,12085,22712,22579,0,0,0,0,0,0,0,23074,0
49,SJC,"St. Josephs College of Engineering and Technology,Palai.",Aritificial Intelligence and Data Science,S,46603,0,0,0,0,0,0,0,0,0,0,0
50,VML,"Vimal Jyothi Engineering College, Chemperi.",Aritificial Intelligence and Data Science,S,49603,0,0,0,0,0,0,0,0,0,0,0
51,VJC,"Viswajyothi College of Engg. & Technology,Vazhakulam.",Artificial Intelligence,S,50853,0,0,0,0,0,0,0,0,0,0,0
52,AAE,"Al-Azhar College of Engineering & Technology, Thodupuzha.",Automobile Engineering,S,50953,0,0,0,0,0,0,0,0,0,0,0
53,KIT,"Kottayam Institute of Tech. & Science, Pallicathode, Kottayam.",Automobile Engineering,S,49262,0,0,0,0,0,0,0,0,0,0,0
54,KMC,"KMCT College of  Engineering, Kozhikkode.",Automobile Engineering,S,0,0,0,0,0,0,0,0,0,0,0,0
55,MEC,"Malabar College of Engineering & Tech., Wadakancherry.",Automobile Engineering,S,50473,0,0,0,0,0,0,0,0,0,0,0
56,SCM,"SCMS School of Engg. & Tech., Ernakulam",Automobile Engineering,S,50576,0,0,0,0,0,0,0,0,0,0,0
57,ALB,"College of Pharmaceutical Sciences, Alappuzha",B.Pharm,G,1607,2281,1649,2991,2975,0,0,0,0,0,5718,0
58,AMB,"College of Pharmaceutical Science, Kannur",B.Pharm,G,2147,3540,2314,3921,3872,10363,3059,4580,13039,5826,8583,17285
59,KKB,"College of Pharmaceutical Sciences, Kozhikkode",B.Pharm,G,1045,1212,1093,1120,4155,0,1215,0,0,0,3616,13551
60,KTB,"College of Pharmaceutical Sciences, Kottayam",B.Pharm,G,2146,3382,2430,3719,2748,3469,2826,4519,11332,0,8834,15041
61,TVB,"College of Pharmaceutical Sciences, Thiruvananthapuram",B.Pharm,G,1912,2993,2063,2425,2640,6181,3056,0,0,12341,7497,7325
62,AAB,"Al-Azhar College of Pharmacy, Thodupuzha",B.Pharm,S,21504,22666,22273,30365,34497,30542,31826,0,0,0,28022,0
63,AFB,"Al Shifa College of Pharmacy, Poonthavanam, Kizhattur,",B.Pharm,S,10825,19694,11546,19094,19103,30509,18779,24231,34385,14775,25056,38984
64,AHB,"Ahalia School of Pharmacy, Kozhipara, Palakkad",B.Pharm,S,18612,19748,20154,23655,30034,0,0,0,0,0,26981,0
65,CAB,"Caritas College of Pharmacy, Thellakom, Kottayam",B.Pharm,S,6876,8540,8406,16940,11884,13764,10016,0,0,0,12581,24405
66,CCB,"Chemists College of Pharmaceutical Scie.&Research, Varikoli,",B.Pharm,S,18973,22540,21590,0,0,19042,22760,30193,0,0,32262,0
67,CRB,"Crescent College of Pharmaceutical Sciences, Madayipara, Kannur",B.Pharm,S,18935,23444,20359,21757,33089,22877,0,0,0,32519,38330,0
68,DAB,"Devaki Amma Memorial College of Pharmacy, Pulliparamba,",B.Pharm,S,12777,15449,14079,21665,43762,0,18511,0,0,0,30970,45001
69,DMB,"DM WIMS College of Pharmacy, Wayanad",B.Pharm,S,22094,27070,23072,29769,36045,26074,31316,0,0,0,37720,37828
70,DPB,"Department of Pharmaceutical Science, Ettumanoor",B.Pharm,S,17679,18190,22884,22042,36024,0,0,20366,0,40296,25078,0
71,DVB,"The Dale View College of Pharmacy & Research Centre, Punalal,",B.Pharm,S,17572,23051,19794,25857,18341,26930,20982,0,0,0,24421,34442
72,ECB,"Ezhuthachan College of Pharmaceutical Science, Marayamuttam,",B.Pharm,S,15822,20248,17128,19832,23561,26010,19827,0,0,0,23104,0
73,EPB,"Elims College of Pharmacy, Ramavarmapuram, Thrissur.",B.Pharm,S,21414,24185,21959,25670,34024,0,0,31314,28327,0,32431,0
74,GCB,"Grace College of Pharmacy, Kodunthirapully, Palakkad",B.Pharm,S,22147,27742,23117,0,0,30922,35847,0,0,36217,28614,49498
75,HGB,"Holy Grace Academy of Pharmacy, Mala,Thrissur",B.Pharm,S,12035,13573,14217,18465,12924,12783,24918,0,0,0,28376,29586
76,HKB,"Hindustan College of Pharmacy, Kanjirappally",B.Pharm,S,23855,30826,24144,31165,41869,0,0,0,0,0,33707,0
77,JCB,"St. James College of Pharmaceutical Sciences, River Bank,",B.Pharm,S,17323,21473,19509,0,0,33320,28165,32367,0,0,39065,52537
78,JDB,"JDT Islam College of Pharmacy, Marikunnu, Kozhikode",B.Pharm,S,8783,14413,9910,25314,43323,24937,0,0,13720,36427,14889,0
79,JSB,"Jamia Salafiya Pharmacy College, Salafiya Gramam, Pulikkal,",B.Pharm,S,18418,27180,21118,18829,0,0,24258,29555,0,0,37189,0
80,KCB,"KMCT College of Pharmacy, Mampra, Malappuram",B.Pharm,S,6046,8083,6806,19644,19908,0,0,15578,27713,0,13882,0
81,KEB,"KMP College of Pharmacy, Perumbavoor, Ernakulam",B.Pharm,S,15064,18308,17153,19847,21562,0,0,26868,19263,0,31526,0
82,KMB,"KMCT College of Pharmaceutical Sciences, Kalanthode, Kozhikode",B.Pharm,S,11356,17515,14449,16024,42641,13052,15880,0,0,0,18264,30784
83,KNB,"College of Pharmacy, Kannur Medical College, Anajarakandy,",B.Pharm,S,20095,23110,20696,22835,27795,0,0,31418,0,35928,29239,0
84,KPB,"K T N College of Pharmacy, Puliyanamkunnu, Ottappalam , Palakkad",B.Pharm,S,23512,25334,23909,28063,29697,32322,26387,0,0,0,35980,0
85,KRB,"Karuna College of Pharmacy, Thirumittacode, Pattambi, Palakkad",B.Pharm,S,24000,28734,24014,32115,40241,33971,34912,0,0,0,39382,0
86,KVB,"K V M College of Pharmacy, Kokkothamangalam, Cherthala",B.Pharm,S,11648,14722,14403,26545,0,12896,25682,0,0,36991,29168,0
87,MCB,"Moulana College of Pharmacy, Nr. Railway Station, Perinthalmanna,",B.Pharm,S,18718,23176,19438,28823,43466,0,0,34227,39639,0,37888,0
88,MDB,"Mar Dioscorus College of Pharmacy, Alathara, Sreekaryam, TVPM",B.Pharm,S,14108,19247,16073,0,0,15913,18510,0,0,24888,23275,45000
89,MGB,"MGM Silver Jubilee College of Polytech & Pharmaceutical,",B.Pharm,S,10330,11895,10775,13454,0,16146,14377,0,0,0,16093,18844
90,MGK,"MGM Silver Jubilee College of Pharmacy, Kilimannoor,",B.Pharm,S,8901,10971,10272,13388,12710,0,0,0,0,0,14185,0
91,MKB,"Malik Deenar College of Pharmacy, Seethangoli, Bela, Kasaragod",B.Pharm,S,22517,30720,22612,29637,35932,0,0,0,0,0,38260,0
92,MMB,"Mookambika College of Pharmaceutical Scie. & Research,",B.Pharm,S,24503,30056,25457,0,0,32631,28701,29189,0,0,41411,0
93,MPB,Dr. Joseph Mar Thoma Institute of Pharmaceutical Scie. &,B.Pharm,S,22597,28060,23673,28883,24767,24636,0,0,30456,35666,32288,0
94,MZB,"Mount Zion College of Pharmaceutical Science and Research, Adoor",B.Pharm,S,22126,28108,23866,26080,30112,0,26916,0,0,0,26393,48444
95,NAB,"Nazareth College of Pharmacy, Othera, Thiruvalla, Pathanamthitta",B.Pharm,S,20535,28064,23008,20731,23903,26878,25272,0,0,0,33456,26732
96,NCB,"Nehru College of Pharmacy, Pampady, Thiruvilwamala, Thrissur",B.Pharm,S,22757,26412,23425,26784,37385,31272,23099,24473,40821,0,41026,0
97,NEB,"Nirmala College of Health Science, Meloor, Thrissur",B.Pharm,S,7630,11012,8280,9874,21529,10666,11411,0,0,0,11767,42758
98,NMB,"Nirmala College of Pharmacy, Muvattupuzha, Ernakulam",B.Pharm,S,18951,25657,22406,28404,31285,0,0,0,0,0,33565,0
99,NPB,"National College of Pharmacy, Manassery, Mukkam, Kozhikode",B.Pharm,S,17448,18487,18479,27337,31008,20579,27181,30173,0,32041,26526,35923
100,PCB,"Pushpagiri College of Pharmacy, Perumthuruthy, Thiruvalla",B.Pharm,S,16043,22902,21872,27349,17768,23779,20729,0,0,0,29408,0
101,PPB,"Prime College of Pharmacy, Erattayil, Palakkad",B.Pharm,S,24439,31014,24622,29009,35670,31347,33191,0,0,0,39393,0
102,RGB,"Rajiv Gandhi Institute of Pharmacy, Trikaripur,Kasaragod",B.Pharm,S,23431,28467,23967,25151,44574,0,0,33295,0,0,38350,0
103,RIB,"Department of Pharmaceutical Science, Puthuppally, Kottayam",B.Pharm,S,17980,20472,22328,0,0,26109,22803,0,0,30032,30215,0
104,SCB,"St. Josephâ€™s College of Pharmacy, Cherthala, Alappuzha",B.Pharm,S,17631,22425,21110,24831,20961,0,0,0,0,0,19813,0
105,SJB,"St. John's College of Pharmaceutical Scie. & Research, Kattapana,",B.Pharm,S,25366,29521,25655,0,0,31323,33310,32126,0,0,40231,53032
106,SKP,"Sree Krishna College of Pharmacy & Research Centre, Parassala,",B.Pharm,S,18452,21986,19422,23291,19225,29632,0,0,26956,25673,21599,0
107,SPB,"Sanjoe College of Pharmaceutical Studies, Kuzhalmannam, Palakkad",B.Pharm,S,25042,29004,25649,30109,37149,0,33210,0,0,0,40557,0
108,TIB,"Triveni Institute of Pharmacy, Kecheri, Thrissur",B.Pharm,S,23723,28002,24067,30783,40058,27838,27927,0,0,0,37459,0
109,WSB,"Westfort College of Pharmacy, Thrissur",B.Pharm,S,23602,28225,23950,25654,35544,0,0,31584,23669,26237,37144,0
110,KCT,"Kelappaji College of-Agrl. Engg. & Technology, Tavanur.",Agricultural Engineering,G,6465,10168,7736,7731,19513,14144,11036,0,0,0,23369,51212
111,KMW,"KMCT College of  Engineering for Women, Manassery.",Bio Medical Engineering,S,44998,48481,47262,0,0,0,0,0,0,0,53169,0
112,SHR,"Sahrdaya College of Engineering and Technology, Kodakara.",Bio Medical Engineering,S,27145,41427,28359,30850,40760,0,0,0,0,52719,52644,0
113,TKI,"T K M Institute of Technology, Ezhukone, Kollam.",Bio Medical Engineering,S,32923,40473,45472,34315,33118,45768,45671,0,0,0,52865,0
114,MET,"Met's School of Engineering, Mala.",Bio Technology,S,38000,44057,41918,0,0,0,0,0,0,0,45795,0
115,SHR,"Sahrdaya College of Engineering and Technology, Kodakara.",Bio Technology,S,29423,44657,42960,0,0,0,0,0,0,0,49516,52350
116,SCT,"S C T College of Engineering, Pappanamcode, TVPM",Bio Technology and Biomechanical Engg,N,10643,20008,17187,11188,20441,0,0,25290,33784,0,45975,0
117,MCT,"Mohandas College of Engg. & Tech., Nedumangad, TVM",Bio Technology and Biomechanical Engg,S,53151,0,0,0,0,0,0,0,0,0,0,0
118,SBC,"Sree Buddha College of Engineering, Nooranadu.",Bio Technology and Biomechanical Engg,S,46332,48794,0,0,0,0,0,0,0,0,0,0
119,KKE,"Govt. Engineering College, Kozhikkode.",Civil Engineering,G,8697,12322,12101,11376,19563,17076,17816,0,31224,48278,40359,42324
120,KNR,"Govt. College of Engineering, Kannur.",Civil Engineering,G,8708,10838,10794,10762,12079,24763,9645,16612,51962,42240,36004,30114
121,KTE,"Govt. Rajiv Gandhi Institute of Tech., Kottayam.",Civil Engineering,G,8543,9920,10195,11319,10373,12816,9259,9851,0,0,33250,52474
122,MAC,"M A College of Engineering, Kothamangalam.",Civil Engineering,G,8424,12549,12120,11375,13867,48186,13563,9056,23177,0,36090,44414
123,NSS,"N S S College of Engineering, Palakkad.",Civil Engineering,G,8724,13474,12617,17260,32616,46901,20064,22594,45323,52649,37803,53064
124,PKD,"Govt. Engineering College, Sreekrishnapuram.",Civil Engineering,G,7973,9533,8778,9251,10724,17768,12004,9178,39917,38957,26621,44447
125,TCR,"Govt. Engineering College,Thrissur.",Civil Engineering,G,6395,8204,7153,8040,11750,11001,8155,21839,15265,6758,27461,47810
126,TKM,"T K M College of Engineering, Kollam.",Civil Engineering,G,5583,7526,6402,6076,8571,16450,13081,11193,25925,50432,31926,36737
127,TRV,"Govt. Engineering College, Barton Hills, TVM",Civil Engineering,G,6665,8456,7589,7792,9223,12509,14728,7710,0,0,28854,34861
128,TVE,"College of Engineering,Thiruvananthapuram.",Civil Engineering,G,3080,4372,4191,3890,4885,8728,5662,5631,36682,5430,26183,47931
129,AEC,"College of Engineering, Aranmula, Pathanamthitta.",Civil Engineering,N,36264,40075,41320,0,0,40822,47890,0,0,0,52875,51926
130,CEM,"College of Engineering, Muttathara.",Civil Engineering,N,36093,45205,51619,43185,43223,45690,0,0,0,0,53074,0
131,KGR,"College of Engineering, Kidangoor.",Civil Engineering,N,30995,40546,44747,46243,0,0,0,0,0,0,50139,0
132,KSD,"LBS College of Engineering, Kasaragod.",Civil Engineering,N,28562,36284,34102,28837,32766,44957,47694,0,0,0,45531,0
133,LBT,"LBS Institute of Tech. for Women, Poojapura, TVPM",Civil Engineering,N,13780,16421,15396,14196,15837,23525,15514,0,0,0,42111,0
134,PEC,"College of Engineering, Pathanapuram.",Civil Engineering,N,35554,42742,50683,36106,0,0,0,44397,0,0,50848,0
135,PRP,"College of Engineering & Management, Punnapra.",Civil Engineering,N,32734,38843,37743,47341,47921,0,0,0,0,0,47014,0
136,TKR,"College of Engineering, Thrikarippur, Kasaragod.",Civil Engineering,N,35034,36804,39450,35189,0,39186,42682,0,0,0,53061,50006
137,TLY,"College of Engineering, Thalassery, Kannur.",Civil Engineering,N,25984,26601,30102,26427,0,46196,34599,0,0,0,51448,0
138,VDA,"College of Engineering, Vadakara, Kozhikode.",Civil Engineering,N,28610,30693,31832,29306,43378,0,30977,0,0,0,49031,43452
139,AAE,"Al-Azhar College of Engineering & Technology, Thodupuzha.",Civil Engineering,S,52258,0,0,0,0,0,0,0,0,0,0,0
140,AAP,"Al-Ameen College of Engineering, Pattambi.",Civil Engineering,S,52102,0,0,0,0,0,0,0,0,0,0,0
141,AIK,"Albertian Institute of Science and Technology, Kalamassery.",Civil Engineering,S,51540,0,0,0,0,0,0,0,0,0,0,0
142,AJC,"Amal Jyothi College of Engineering, Koovapally, Kanjirapally",Civil Engineering,S,51426,0,0,0,0,0,0,0,0,0,0,0
143,AME,"Rajadhani Institute of Science and Technology, Palakkad",Civil Engineering,S,53203,0,0,0,0,0,0,0,0,0,0,0
144,ASI,"Adi Sankara Institute of Engg. & Tech., Kalady, Ernakulam.",Civil Engineering,S,52505,0,0,0,0,0,0,0,0,0,0,0
145,ATP,"Ahalia School of Engineering & Technology, Pudussery, Palakkad.",Civil Engineering,S,48557,0,0,0,0,0,0,0,0,0,0,0
146,AWH,"AWH Engineering College, Kozhikkode",Civil Engineering,S,51109,0,0,0,0,0,0,0,0,0,0,0
147,AXE,"Axis College of Engineering & Technology, Murikkingal, Thrissur.",Civil Engineering,S,51075,0,0,0,0,0,0,0,0,0,0,0
148,BJK,"Bishop Jerome Institute, Kollam.",Civil Engineering,S,53155,0,0,0,0,0,0,0,0,0,0,0
149,BMC,"Baselios Mathew II College of Engg., Sasthamcotta, Kollam.",Civil Engineering,S,53163,0,0,0,0,0,0,0,0,0,0,0
150,CCE,"Christ College of Engineering, Irinjalakuda.",Civil Engineering,S,52386,0,0,0,0,0,0,0,0,0,0,0
151,CCV,"MGM College of Engineering and Pharmaceutical Sciences,",Civil Engineering,S,49011,0,0,0,0,0,0,0,0,0,0,0
152,CEN,"College of Engineering and Technology, Payyannur, Kannur.",Civil Engineering,S,52888,0,0,0,0,0,0,0,0,0,0,0
153,CKC,"Christ Knowledge City, Kuzhoor,EKM",Civil Engineering,S,0,0,0,0,0,0,0,0,0,0,0,0
154,CMA,"Carmel College of Engg. & Technology, Punnapra, Alappuzha.",Civil Engineering,S,44679,50981,0,0,0,0,0,0,0,0,52296,0
155,DMC,"M Dasan Memmorial Co-op. Inst. of Engg. & Inf. Tech., Koyilandy.",Civil Engineering,S,53148,0,0,0,0,0,0,0,0,0,0,0
156,ECE,"ICCS College of Engineering and Management, Thrissur",Civil Engineering,S,0,0,0,0,0,0,0,0,0,0,0,0
157,EKC,"Eranad Knowledgecity Technical Campus, Cherukulam, Manjeri",Civil Engineering,S,44103,0,0,0,0,0,0,0,0,0,0,0
158,FIT,"Federal Institute of Science & Tech., Angamaly.",Civil Engineering,S,50200,0,0,0,0,0,0,0,0,0,0,0
159,GIT,"Gurudeva Institute of Science & Technology, Puthuppally.",Civil Engineering,S,0,0,0,0,0,0,0,0,0,0,0,0
160,HCE,"Heera College of Engineering & Technology, Nedumangad.",Civil Engineering,S,50034,0,0,0,0,0,0,0,0,0,0,0
161,HGW,"Holy Grace Academy of Engineering, Mala, Thrissur.",Civil Engineering,S,29174,0,0,0,0,0,0,0,0,0,0,0
162,ICE,"Ilahia College of Engineering & Tech., Moovattupuzha.",Civil Engineering,S,48482,0,0,0,0,0,0,0,0,0,0,0
163,IES,"I E S College of Engineering, Chittilappilly.",Civil Engineering,S,52547,0,0,0,0,0,0,0,0,0,0,0
164,IGW,"Indira Gandhi Inst. of Engineering & Tech., Kothamangalam",Civil Engineering,S,51694,0,0,0,0,0,0,0,0,0,0,0
165,ILE,"ILM College of Engineering, Perumbavoor, Ernakulam.",Civil Engineering,S,51570,0,0,0,0,0,0,0,0,0,0,0
166,JBT,"Jai Bharath College of Management & Engg. Tech., Perumbavoor.",Civil Engineering,S,0,0,0,0,0,0,0,0,0,0,0,0
167,JCE,"Jawaharlal College of Engineering & Technology, Ottappalam.",Civil Engineering,S,46626,0,0,0,0,0,0,0,0,0,0,0
168,JEC,"Jyothi Engineering College, Cheruthuruthy.",Civil Engineering,S,52613,0,0,0,0,0,0,0,0,0,0,0
169,JIT,"John Cox Memorial CSI Institute of Technology,",Civil Engineering,S,52476,0,0,0,0,0,0,0,0,0,0,0
170,KIT,"Kottayam Institute of Tech. & Science, Pallicathode, Kottayam.",Civil Engineering,S,0,0,0,0,0,0,0,0,0,0,0,0
171,KMC,"KMCT College of  Engineering, Kozhikkode.",Civil Engineering,S,53209,0,0,0,0,0,0,0,0,0,0,0
172,KME,"K M E A Engineering College, Edathala.",Civil Engineering,S,52023,0,0,0,0,0,0,0,0,0,0,0
173,KMW,"KMCT College of  Engineering for Women, Manassery.",Civil Engineering,S,48301,0,0,0,0,0,0,0,0,0,0,0
174,LMC,"Lourdes Matha College of Science and Technology, Kuttichal.",Civil Engineering,S,52074,0,0,0,0,0,0,0,0,0,0,0
175,MBC,"Mar Baselios Christian College of Engg. & Tech., Peermede.",Civil Engineering,S,52470,0,0,0,0,0,0,0,0,0,0,0
176,MBI,"Mar Baselios Institute of Technology & Science, Kothamangalam.",Civil Engineering,S,47739,0,0,0,0,0,0,0,0,0,0,0
177,MBT,"Mar Baselious College of Engg. & Tech., Thiruvananthapuram.",Civil Engineering,S,43674,48386,51289,50965,0,0,0,0,0,49053,53125,0
178,MCC,"Musaliar College of Engineering, Chirayinkeezh.",Civil Engineering,S,49115,0,0,0,0,0,0,0,0,0,0,0
179,MCE,"Marian Engineering College, Kazhakuttom.",Civil Engineering,S,50983,0,0,0,0,0,0,0,0,0,0,0
180,MCK,"Musaliar College of Engineering & Tech., Pathanamthitta.",Civil Engineering,S,46307,0,0,0,0,0,0,0,0,0,0,0
181,MCT,"Mohandas College of Engg. & Tech., Nedumangad, TVM",Civil Engineering,S,43465,0,0,0,0,0,0,0,0,0,0,0
182,MEA,"M E A Engineering College, Malappuram.",Civil Engineering,S,52708,0,0,0,0,0,0,0,0,0,0,0
183,MEC,"Malabar College of Engineering & Tech., Wadakancherry.",Civil Engineering,S,52901,0,0,0,0,0,0,0,0,0,0,0
184,MEE,"MES College of Engineering & Technology, .Ernakulam.",Civil Engineering,S,44648,0,0,0,0,0,0,0,0,0,0,0
185,MEK,"MES Institute of Tech. & Management, Chathannoor.",Civil Engineering,S,52096,0,0,0,0,0,0,0,0,0,0,0
186,MES,"M E S College of Engineering, Kuttippuram.",Civil Engineering,S,36566,47424,37890,0,0,0,0,0,0,0,51077,0
187,MET,"Met's School of Engineering, Mala.",Civil Engineering,S,0,0,0,0,0,0,0,0,0,0,0,0
188,MGE,"MGM College of Engineering & Technology, Ernakulam",Civil Engineering,S,44348,0,0,0,0,0,0,0,0,0,0,0
189,MGP,"Saintgits College of Engineering, Kottayam",Civil Engineering,S,51784,0,0,0,0,0,0,0,0,0,0,0
190,MHP,"Ace College of Engineering, .Thiruvallam.",Civil Engineering,S,51970,0,0,0,0,0,0,0,0,0,0,0
191,MLM,"Mangalam College of Engineering, Ettumanoor.",Civil Engineering,S,52362,0,0,0,0,0,0,0,0,0,0,0
192,MLT,"Malabar Institute of Technology, Anjarakandi.",Civil Engineering,S,0,0,0,0,0,0,0,0,0,0,0,0
193,MUS,"Muslim Association College of Engineering, Venjaramoodu.",Civil Engineering,S,50147,0,0,0,0,0,0,0,0,0,0,0
194,MUT,"Muthoot Institute of Tech. & Science, Puthencurz, Ernakulam.",Civil Engineering,S,25467,26754,35543,37778,0,0,0,0,0,0,50351,0
195,MZC,"Mount Zion College of Engg., Pathanamthitta.",Civil Engineering,S,52320,0,0,0,0,0,0,0,0,0,0,0
196,MZW,"Mount Zion Institute of Science & Tehnology, Chengannur",Civil Engineering,S,46859,0,0,0,0,0,0,0,0,0,0,0
197,NIE,"Nirmala College of Engineering, Chalakudy.",Civil Engineering,S,49854,0,0,0,0,0,0,0,0,0,0,0
198,PAA,"P A Aziz College of Engineering, Karakulam, Thiruvananthapuram",Civil Engineering,S,0,0,0,0,0,0,0,0,0,0,0,0
199,PRC,"Providence College of Engineering, Chengannur.",Civil Engineering,S,52941,0,0,0,0,0,0,0,0,0,0,0
200,PRS,"PRS College of Engineering & Tech., Neyyattinkara.",Civil Engineering,S,50954,0,0,0,0,0,0,0,0,0,0,0
201,RCE,"Royal College of Engineering & Technology, Thrissur.",Civil Engineering,S,53006,0,0,0,0,0,0,0,0,0,0,0
202,RET,"Rajagiri School of Engineering and Technology, Kochi.",Civil Engineering,S,24389,33629,29124,39385,24737,0,0,0,0,0,51542,0
203,RIE,"Rajadhani Institute of Engineering & Tech., Attingal.",Civil Engineering,S,53195,0,0,0,0,0,0,0,0,0,0,0
204,SBC,"Sree Buddha College of Engineering, Nooranadu.",Civil Engineering,S,52304,0,0,0,0,0,0,0,0,0,0,0
205,SBW,"Sree Buddha College of Engineering, Elavumthitta, Pathanamthitta",Civil Engineering,S,41937,0,0,0,0,0,0,0,0,0,0,0
206,SCM,"SCMS School of Engg. & Tech., Ernakulam",Civil Engineering,S,52328,0,0,0,0,0,0,0,0,0,0,0
207,SGT,"Sadguru Swamy Nithyananda Insti. of Tech., Karsaragod",Civil Engineering,S,46343,0,0,0,0,0,0,0,0,0,0,0
208,SHM,"Shahul Hameed Memorial Engineering College, Kadakkal, Kollam",Civil Engineering,S,0,0,0,0,0,0,0,0,0,0,0,0
209,SHR,"Sahrdaya College of Engineering and Technology, Kodakara.",Civil Engineering,S,52573,0,0,0,0,0,0,0,0,0,0,0
210,SIT,"Sarabhai Institute of Science & Technology, Vellanad.",Civil Engineering,S,0,0,0,0,0,0,0,0,0,0,0,0
211,SJC,"St. Josephs College of Engineering and Technology,Palai.",Civil Engineering,S,52561,0,0,0,0,0,0,0,0,0,0,0
212,SNC,"Sree Narayana Guru College of Engg & Technology, Payyannur.",Civil Engineering,S,51612,0,0,0,0,0,0,0,0,0,0,0
213,SNG,"Sree Narayana Gurukulam College of Engineering, Kolencherry.",Civil Engineering,S,53029,0,0,0,0,0,0,0,0,0,0,0
214,SNM,"Sree Narayana Mangalam Inst. of Mgmt. & Tech., Moothakunnam.",Civil Engineering,S,51240,0,0,0,0,0,0,0,0,0,0,0
215,SNP,"Sree Narayana Institute of Technology, Adoor",Civil Engineering,S,51451,0,0,0,0,0,0,0,0,0,0,0
216,SNT,"Sree Narayana Guru Institute of Science & Tech., N. Paravoor.",Civil Engineering,S,0,0,0,0,0,0,0,0,0,0,0,0
217,SPT,"Sreepathy Institute of Management & Tech., Koottanad.",Civil Engineering,S,37796,0,0,0,0,0,0,0,0,0,0,0
218,STC,"St. Thomas College of Engg. & Technology, Chengannur.",Civil Engineering,S,51003,0,0,0,0,0,0,0,0,0,0,0
219,STI,"St. Thomas Institute of Science & Technology, Kattaikonam.",Civil Engineering,S,48240,0,0,0,0,0,0,0,0,0,0,0
220,STM,"St. Thomas College of Engineering & Technology,  Kannur.",Civil Engineering,S,51826,0,0,0,0,0,0,0,0,0,0,0
221,TCE,"Toms College of Engineering, Mattakara, Kottayam",Civil Engineering,S,34072,0,0,0,0,0,0,0,0,0,0,0
222,TCT,"Trinity College of Engg, Neruvamoodu, Thiruvananthapuram.",Civil Engineering,S,43119,0,0,0,0,0,0,0,0,0,0,0
223,TEC,"Travancore Engineering College, Oyoor, Kollam.",Civil Engineering,S,49544,0,0,0,0,0,0,0,0,0,0,0
224,TJE,"Thejus Engineering College, Erumapetti, Thrissur.",Civil Engineering,S,42105,0,0,0,0,0,0,0,0,0,0,0
225,TKI,"T K M Institute of Technology, Ezhukone, Kollam.",Civil Engineering,S,48881,0,50402,0,0,0,0,0,0,0,0,0
226,TOC,"Toc H Institute of Science & Tech., Mulamthurutthy.",Civil Engineering,S,49915,0,0,0,0,0,0,0,0,0,0,0
227,UKP,"UKF College of Engineering & Tech., Parippally.",Civil Engineering,S,52758,0,0,0,0,0,0,0,0,0,0,0
228,UNT,"Universal Engineering College, Vallivattom, Thrissur.",Civil Engineering,S,51498,0,0,0,0,0,0,0,0,0,0,0
229,VAK,"Vidya Academy of Science & Technology, Kilimanoor.",Civil Engineering,S,52317,0,0,0,0,0,0,0,0,0,0,0
230,VAS,"Vidya Academy of Science & Technology, Thrissur.",Civil Engineering,S,52948,0,0,0,0,0,0,0,0,0,0,0
231,VIT,"Vijnan Institute of Science & Technology, Piravam.",Civil Engineering,S,0,0,0,0,0,0,0,0,0,0,0,0
232,VJC,"Viswajyothi College of Engg. & Technology,Vazhakulam.",Civil Engineering,S,48654,0,0,0,0,0,0,0,0,0,0,0
233,VKE,"Valia Koonambaikulathamma College of Engg. & tech., Parippally.",Civil Engineering,S,52557,0,0,0,0,0,0,0,0,0,0,0
234,VML,"Vimal Jyothi Engineering College, Chemperi.",Civil Engineering,S,49594,0,0,0,0,0,0,0,0,0,0,0
235,VPE,"Mahaguru Institute of Technology, Mavelikkara, Alappuzha",Civil Engineering,S,52848,0,0,0,0,0,0,0,0,0,0,0
236,VVT,"Veda Vyasa Institute of Technology, Ponnempadam, Malappuram.",Civil Engineering,S,50657,0,0,0,0,0,0,0,0,0,0,0
237,YCE,"Younus College of Engg. & Technology, Vadakkevila, Kollam",Civil Engineering,S,52563,0,0,0,0,0,0,0,0,0,0,0
238,SCT,"S C T College of Engineering, Pappanamcode, TVPM",Computer Science & Engg. (Artificial Intelligence & Machine Learning),N,4995,7523,8660,7630,10949,32393,5017,0,0,0,49741,0
239,SBC,"Sree Buddha College of Engineering, Nooranadu.",Computer Science & Engg. (Artificial Intelligence & Machine Learning),S,53211,0,0,0,0,0,0,0,0,0,0,0
240,MAC,"M A College of Engineering, Kothamangalam.",Computer Science & Enggineering (Data Science),G,3039,4512,3633,3903,5073,9515,6935,0,0,0,31611,39627
241,IDK,"Engineering College, Idukki",Computer Science & Engineering,G,4464,13260,8088,17207,30706,29671,14542,21510,0,35201,49629,52298
242,KNR,"Govt. College of Engineering, Kannur.",Computer Science & Engineering,G,3453,3991,4098,4072,5519,14686,4974,22148,25377,15275,30863,46121
243,KTE,"Govt. Rajiv Gandhi Institute of Tech., Kottayam.",Computer Science & Engineering,G,2554,2985,2768,3691,7018,14641,2971,0,0,0,29494,51327
244,MAC,"M A College of Engineering, Kothamangalam.",Computer Science & Engineering,G,1965,2218,2151,2916,4956,5731,2426,8703,7446,18934,25542,41394
245,NSS,"N S S College of Engineering, Palakkad.",Computer Science & Engineering,G,3016,3417,3234,3964,6319,13289,3030,0,0,0,30256,0
246,PKD,"Govt. Engineering College, Sreekrishnapuram.",Computer Science & Engineering,G,3362,5990,5997,5539,8005,19485,5852,23575,45783,28598,37250,52789
247,TCR,"Govt. Engineering College,Thrissur.",Computer Science & Engineering,G,976,1226,1084,1328,3828,2714,1220,0,0,0,20597,20190
248,TKM,"T K M College of Engineering, Kollam.",Computer Science & Engineering,G,1366,1582,1536,1859,3401,7522,1762,7862,5608,9296,22678,49641
249,TVE,"College of Engineering,Thiruvananthapuram.",Computer Science & Engineering,G,466,680,765,796,1805,934,731,3203,4285,5506,10081,33153
250,WYD,"Govt. Engineering College, Mananthavady.",Computer Science & Engineering,G,4243,13339,8290,18737,38216,40677,10987,0,0,0,46369,38706
251,ADR,"College of Engineering, Adoor",Computer Science & Engineering,N,14636,18877,19080,18763,19048,0,0,20622,0,0,52861,0
252,AEC,"College of Engineering, Aranmula, Pathanamthitta.",Computer Science & Engineering,N,35140,36896,43467,37926,47885,42337,37319,0,0,0,49156,0
253,CEA,"College of Engineering, Attingal, Thiruvananthapuram.",Computer Science & Engineering,N,18613,20577,22006,23545,32823,0,19735,0,0,0,53106,0
254,CEC,"College of Engineering, Cherthala, Alappuzha.",Computer Science & Engineering,N,23902,29880,29820,24440,25130,33360,0,0,45467,0,48855,0
255,CEK,"College of Engineering, Kottarakkara, Kollam.",Computer Science & Engineering,N,33207,39161,43442,41942,35927,0,49151,0,0,0,0,0
256,CEM,"College of Engineering, Muttathara.",Computer Science & Engineering,N,33835,38565,38894,39550,43792,0,36513,45073,0,0,52926,0
257,CHN,"College of Engineering, Chengannur, Alappuzha.",Computer Science & Engineering,N,8268,11680,10923,11387,19928,14447,9385,0,0,0,49167,0
258,KGR,"College of Engineering, Kidangoor.",Computer Science & Engineering,N,24257,29192,44874,30864,35057,35654,31448,0,0,0,52140,0
259,KNP,"College of Engineering, Karunagappally.",Computer Science & Engineering,N,25419,29789,30007,29627,26866,38199,30666,0,0,0,46094,0
260,KSD,"LBS College of Engineering, Kasaragod.",Computer Science & Engineering,N,20702,27207,26630,23280,44031,44429,26880,0,0,0,49017,0
261,LBT,"LBS Institute of Tech. for Women, Poojapura, TVPM",Computer Science & Engineering,N,10501,13286,16022,12968,30474,33922,16508,0,0,0,49529,0
262,MDL,"Model Engineering College, Thrikkakkara.",Computer Science & Engineering,N,1459,2375,1935,1729,1899,6531,4936,13584,6558,44137,30341,13575
263,MNR,"College of Engineering, Munnar.",Computer Science & Engineering,N,29511,31247,38017,44578,41097,0,0,0,0,0,50298,0
264,PEC,"College of Engineering, Pathanapuram.",Computer Science & Engineering,N,36256,41804,44105,0,42212,47058,49700,0,0,0,48577,0
265,PJR,"College of Engineering, Poonjar.",Computer Science & Engineering,N,31705,32617,40585,0,0,0,0,0,0,0,41754,0
266,PRN,College of Engineering Perumon.,Computer Science & Engineering,N,19362,25064,23311,23363,45846,42970,43048,0,0,0,51299,0
267,PRP,"College of Engineering & Management, Punnapra.",Computer Science & Engineering,N,35570,39867,40289,0,36859,37013,51577,0,51024,47123,43637,0
268,PTA,"College of Engineering, Kallooppara.",Computer Science & Engineering,N,20868,26994,39009,26060,31496,0,0,0,0,0,51779,0
269,SCT,"S C T College of Engineering, Pappanamcode, TVPM",Computer Science & Engineering,N,3852,4997,4902,4662,8894,18928,4757,0,0,0,37851,0
270,TKR,"College of Engineering, Thrikarippur, Kasaragod.",Computer Science & Engineering,N,25192,28805,32277,27364,50886,51810,29843,0,0,44073,52992,49630
271,TLY,"College of Engineering, Thalassery, Kannur.",Computer Science & Engineering,N,14815,19477,16015,15753,47335,28987,28999,0,0,0,49944,0
272,UCE,"University College of Engineering,Thodupuzha.",Computer Science & Engineering,N,34049,40915,44372,43276,0,0,46837,0,0,0,52233,0
273,UCK,"University College of Engineering, Kariavattom.",Computer Science & Engineering,N,17452,24584,17559,0,0,37986,34658,33663,52079,0,49488,0
274,VDA,"College of Engineering, Vadakara, Kozhikode.",Computer Science & Engineering,N,23628,25178,28415,23761,41155,36958,25620,0,0,0,53003,0
275,AAE,"Al-Azhar College of Engineering & Technology, Thodupuzha.",Computer Science & Engineering,S,52920,0,0,0,0,0,0,0,0,0,0,0
276,AIK,"Albertian Institute of Science and Technology, Kalamassery.",Computer Science & Engineering,S,34711,44448,43439,35679,39027,0,0,0,0,0,45786,0
277,AJC,"Amal Jyothi College of Engineering, Koovapally, Kanjirapally",Computer Science & Engineering,S,21546,25286,25042,34621,0,28525,23245,0,0,0,52571,51004
278,AME,"Rajadhani Institute of Science and Technology, Palakkad",Computer Science & Engineering,S,51142,0,0,0,0,0,0,0,0,0,0,0
279,ASI,"Adi Sankara Institute of Engg. & Tech., Kalady, Ernakulam.",Computer Science & Engineering,S,24769,29152,35326,36035,42587,45979,30412,0,33305,0,51386,0
280,ATP,"Ahalia School of Engineering & Technology, Pudussery, Palakkad.",Computer Science & Engineering,S,52828,0,0,0,0,0,0,0,0,0,0,0
281,AWH,"AWH Engineering College, Kozhikkode",Computer Science & Engineering,S,46881,0,0,0,0,0,0,0,0,0,0,0
282,AXE,"Axis College of Engineering & Technology, Murikkingal, Thrissur.",Computer Science & Engineering,S,0,0,0,0,0,0,0,0,0,0,0,0
283,BMC,"Baselios Mathew II College of Engg., Sasthamcotta, Kollam.",Computer Science & Engineering,S,52554,0,0,0,0,0,0,0,0,0,0,0
284,CCE,"Christ College of Engineering, Irinjalakuda.",Computer Science & Engineering,S,12640,21730,20056,18202,0,30705,16662,0,0,0,49022,0
285,CCV,"MGM College of Engineering and Pharmaceutical Sciences,",Computer Science & Engineering,S,52391,0,0,0,0,0,0,0,0,0,0,0
286,CIM,"Mentor Academy for Design Entrepreneurship & Tech., Ernakulam",Computer Science & Engineering,S,0,0,0,0,0,0,0,0,0,0,0,0
287,CKC,"Christ Knowledge City, Kuzhoor,EKM",Computer Science & Engineering,S,41074,0,0,0,0,0,0,0,0,0,0,0
288,CMA,"Carmel College of Engg. & Technology, Punnapra, Alappuzha.",Computer Science & Engineering,S,50546,0,0,0,0,0,0,0,0,0,0,0
289,DMC,"M Dasan Memmorial Co-op. Inst. of Engg. & Inf. Tech., Koyilandy.",Computer Science & Engineering,S,50897,0,0,0,0,0,0,0,0,0,0,0
290,ECE,"ICCS College of Engineering and Management, Thrissur",Computer Science & Engineering,S,47404,0,0,0,0,0,0,0,0,0,0,0
291,EKC,"Eranad Knowledgecity Technical Campus, Cherukulam, Manjeri",Computer Science & Engineering,S,47037,0,0,0,0,0,0,0,0,0,0,0
292,FIT,"Federal Institute of Science & Tech., Angamaly.",Computer Science & Engineering,S,10553,14231,13436,11694,12007,40944,11622,0,24118,45868,36678,0
293,GIT,"Gurudeva Institute of Science & Technology, Puthuppally.",Computer Science & Engineering,S,53191,0,0,0,0,0,0,0,0,0,0,0
294,HCE,"Heera College of Engineering & Technology, Nedumangad.",Computer Science & Engineering,S,51637,0,0,0,0,0,0,0,0,0,0,0
295,HGW,"Holy Grace Academy of Engineering, Mala, Thrissur.",Computer Science & Engineering,S,52807,0,0,0,0,0,0,0,0,0,0,0
296,ICE,"Ilahia College of Engineering & Tech., Moovattupuzha.",Computer Science & Engineering,S,52936,0,0,0,0,0,0,0,0,0,0,0
297,IES,"I E S College of Engineering, Chittilappilly.",Computer Science & Engineering,S,53123,0,0,0,0,0,0,0,0,0,0,0
298,IGW,"Indira Gandhi Inst. of Engineering & Tech., Kothamangalam",Computer Science & Engineering,S,53112,0,0,0,0,0,0,0,0,0,0,0
299,ILE,"ILM College of Engineering, Perumbavoor, Ernakulam.",Computer Science & Engineering,S,44279,0,0,0,0,0,0,0,0,0,0,0
300,JBT,"Jai Bharath College of Management & Engg. Tech., Perumbavoor.",Computer Science & Engineering,S,50588,0,0,0,0,0,0,0,0,0,0,0
301,JCE,"Jawaharlal College of Engineering & Technology, Ottappalam.",Computer Science & Engineering,S,53011,0,0,0,0,0,0,0,0,0,0,0
302,JEC,"Jyothi Engineering College, Cheruthuruthy.",Computer Science & Engineering,S,29464,37572,48223,32006,0,43279,41341,0,0,0,49251,0
303,JIT,"John Cox Memorial CSI Institute of Technology,",Computer Science & Engineering,S,52893,0,0,0,0,0,0,0,0,0,0,0
304,KIT,"Kottayam Institute of Tech. & Science, Pallicathode, Kottayam.",Computer Science & Engineering,S,52645,0,0,0,0,0,0,0,0,0,0,0
305,KMC,"KMCT College of  Engineering, Kozhikkode.",Computer Science & Engineering,S,50201,0,0,0,0,0,0,0,0,0,0,0
306,KME,"K M E A Engineering College, Edathala.",Computer Science & Engineering,S,52805,0,0,0,0,0,0,0,0,0,0,0
307,KMW,"KMCT College of  Engineering for Women, Manassery.",Computer Science & Engineering,S,52652,0,0,0,0,0,0,0,0,0,0,0
308,KVE,"KVM College of Engineering and Information Technology, Cherthala.",Computer Science & Engineering,S,46783,0,0,0,0,0,0,0,0,0,0,0
309,LMC,"Lourdes Matha College of Science and Technology, Kuttichal.",Computer Science & Engineering,S,51770,0,0,0,0,0,0,0,0,0,0,0
310,MBC,"Mar Baselios Christian College of Engg. & Tech., Peermede.",Computer Science & Engineering,S,49781,0,0,0,0,0,0,0,0,0,0,0
311,MBI,"Mar Baselios Institute of Technology & Science, Kothamangalam.",Computer Science & Engineering,S,46587,47507,0,0,0,0,0,0,0,0,0,0
312,MBT,"Mar Baselious College of Engg. & Tech., Thiruvananthapuram.",Computer Science & Engineering,S,14947,20284,21610,16982,36508,27268,40404,25514,0,0,50112,0
313,MCC,"Musaliar College of Engineering, Chirayinkeezh.",Computer Science & Engineering,S,50633,0,0,0,0,0,0,0,0,0,0,0
314,MCE,"Marian Engineering College, Kazhakuttom.",Computer Science & Engineering,S,34837,36900,40411,46476,35245,0,38162,0,0,0,52995,0
315,MCK,"Musaliar College of Engineering & Tech., Pathanamthitta.",Computer Science & Engineering,S,50441,0,0,0,0,0,0,0,0,0,0,0
316,MCT,"Mohandas College of Engg. & Tech., Nedumangad, TVM",Computer Science & Engineering,S,52868,0,0,0,0,0,0,0,0,0,0,0
317,MEA,"M E A Engineering College, Malappuram.",Computer Science & Engineering,S,32583,36514,36021,40426,0,50779,0,0,0,0,52590,0
318,MEC,"Malabar College of Engineering & Tech., Wadakancherry.",Computer Science & Engineering,S,53207,0,0,0,0,0,0,0,0,0,0,0
319,MEE,"MES College of Engineering & Technology, .Ernakulam.",Computer Science & Engineering,S,48518,0,0,0,0,0,0,0,0,0,0,0
320,MEK,"MES Institute of Tech. & Management, Chathannoor.",Computer Science & Engineering,S,52209,0,0,0,0,0,0,0,0,0,0,0
321,MES,"M E S College of Engineering, Kuttippuram.",Computer Science & Engineering,S,33354,39539,35056,33877,0,0,0,0,0,0,52624,0
322,MET,"Met's School of Engineering, Mala.",Computer Science & Engineering,S,52740,0,0,0,0,0,0,0,0,0,0,0
323,MGC,"M G College of Engineering, Thiruvallom.",Computer Science & Engineering,S,52503,0,0,0,0,0,0,0,0,0,0,0
324,MGE,"MGM College of Engineering & Technology, Ernakulam",Computer Science & Engineering,S,51818,0,0,0,0,0,0,0,0,0,0,0
325,MGP,"Saintgits College of Engineering, Kottayam",Computer Science & Engineering,S,15269,23728,30266,18187,46573,20346,18322,0,0,0,51007,32480
326,MLM,"Mangalam College of Engineering, Ettumanoor.",Computer Science & Engineering,S,53139,0,0,0,0,0,0,0,0,0,0,0
327,MLT,"Malabar Institute of Technology, Anjarakandi.",Computer Science & Engineering,S,0,0,0,0,0,0,0,0,0,0,0,0
328,MUS,"Muslim Association College of Engineering, Venjaramoodu.",Computer Science & Engineering,S,46968,0,0,0,0,0,0,0,0,0,0,0
329,MUT,"Muthoot Institute of Tech. & Science, Puthencurz, Ernakulam.",Computer Science & Engineering,S,9679,18632,14399,12461,22137,18731,15007,0,51524,0,52837,0
330,MZC,"Mount Zion College of Engg., Pathanamthitta.",Computer Science & Engineering,S,51486,0,0,0,0,0,0,0,0,0,0,0
331,MZW,"Mount Zion Institute of Science & Tehnology, Chengannur",Computer Science & Engineering,S,0,0,0,0,0,0,0,0,0,0,0,0
332,NCE,"Nehru College of Engg. & Research Centre, Thiruvillwamala.",Computer Science & Engineering,S,52780,0,0,0,0,0,0,0,0,0,0,0
333,PAA,"P A Aziz College of Engineering, Karakulam, Thiruvananthapuram",Computer Science & Engineering,S,48402,0,0,0,0,0,0,0,0,0,0,0
334,PRC,"Providence College of Engineering, Chengannur.",Computer Science & Engineering,S,52097,0,0,0,0,0,0,0,0,0,0,0
335,PRS,"PRS College of Engineering & Tech., Neyyattinkara.",Computer Science & Engineering,S,39339,0,0,0,0,0,0,0,0,0,0,0
336,RCE,"Royal College of Engineering & Technology, Thrissur.",Computer Science & Engineering,S,52071,0,0,0,0,0,0,0,0,0,0,0
337,RET,"Rajagiri School of Engineering and Technology, Kochi.",Computer Science & Engineering,S,5839,10214,12526,8749,9826,7037,6875,0,0,0,51168,46807
338,RIE,"Rajadhani Institute of Engineering & Tech., Attingal.",Computer Science & Engineering,S,53121,0,0,0,0,0,0,0,0,0,0,0
339,SBC,"Sree Buddha College of Engineering, Nooranadu.",Computer Science & Engineering,S,32226,39918,49415,50276,0,37070,0,0,0,0,52972,0
340,SBW,"Sree Buddha College of Engineering, Elavumthitta, Pathanamthitta",Computer Science & Engineering,S,52048,0,0,0,0,0,0,0,0,0,0,0
341,SCM,"SCMS School of Engg. & Tech., Ernakulam",Computer Science & Engineering,S,21604,25088,25859,24190,29628,28539,30945,0,0,0,49503,0
342,SGT,"Sadguru Swamy Nithyananda Insti. of Tech., Karsaragod",Computer Science & Engineering,S,51432,0,0,0,0,0,0,0,0,0,0,0
343,SHM,"Shahul Hameed Memorial Engineering College, Kadakkal, Kollam",Computer Science & Engineering,S,51069,0,0,0,0,0,0,0,0,0,0,0
344,SHR,"Sahrdaya College of Engineering and Technology, Kodakara.",Computer Science & Engineering,S,26380,32059,40159,46662,42022,50509,45418,0,0,0,39399,0
345,SIT,"Sarabhai Institute of Science & Technology, Vellanad.",Computer Science & Engineering,S,42765,0,0,0,0,0,0,0,0,0,0,0
346,SJC,"St. Josephs College of Engineering and Technology,Palai.",Computer Science & Engineering,S,24608,29868,45681,28377,28293,0,42335,0,0,0,44238,0
347,SNC,"Sree Narayana Guru College of Engg & Technology, Payyannur.",Computer Science & Engineering,S,51989,0,0,0,0,0,0,0,0,0,0,0
348,SNG,"Sree Narayana Gurukulam College of Engineering, Kolencherry.",Computer Science & Engineering,S,50176,0,0,0,0,0,0,0,0,0,0,0
349,SNM,"Sree Narayana Mangalam Inst. of Mgmt. & Tech., Moothakunnam.",Computer Science & Engineering,S,52833,0,0,0,0,0,0,0,0,0,0,0
350,SNT,"Sree Narayana Guru Institute of Science & Tech., N. Paravoor.",Computer Science & Engineering,S,50841,0,0,0,0,0,0,0,0,0,0,0
351,SPT,"Sreepathy Institute of Management & Tech., Koottanad.",Computer Science & Engineering,S,53076,0,0,0,0,0,0,0,0,0,0,0
352,STC,"St. Thomas College of Engg. & Technology, Chengannur.",Computer Science & Engineering,S,52177,0,0,0,0,0,0,0,0,0,0,0
353,STI,"St. Thomas Institute of Science & Technology, Kattaikonam.",Computer Science & Engineering,S,52156,0,0,0,0,0,0,0,0,0,0,0
354,STM,"St. Thomas College of Engineering & Technology,  Kannur.",Computer Science & Engineering,S,51242,0,0,0,0,0,0,0,0,0,0,0
355,TCE,"Toms College of Engineering, Mattakara, Kottayam",Computer Science & Engineering,S,0,0,0,0,0,0,0,0,0,0,0,0
356,TEC,"Travancore Engineering College, Oyoor, Kollam.",Computer Science & Engineering,S,51665,0,0,0,0,0,0,0,0,0,0,0
357,TJE,"Thejus Engineering College, Erumapetti, Thrissur.",Computer Science & Engineering,S,51901,0,0,0,0,0,0,0,0,0,0,0
358,TKI,"T K M Institute of Technology, Ezhukone, Kollam.",Computer Science & Engineering,S,51198,0,0,0,0,0,0,0,0,0,0,0
359,TOC,"Toc H Institute of Science & Tech., Mulamthurutthy.",Computer Science & Engineering,S,33915,40189,42224,35558,39775,0,0,0,46514,0,0,0
360,UKP,"UKF College of Engineering & Tech., Parippally.",Computer Science & Engineering,S,53043,0,0,0,0,0,0,0,0,0,0,0
361,UNT,"Universal Engineering College, Vallivattom, Thrissur.",Computer Science & Engineering,S,52532,0,0,0,0,0,0,0,0,0,0,0
362,VAK,"Vidya Academy of Science & Technology, Kilimanoor.",Computer Science & Engineering,S,52066,0,0,0,0,0,0,0,0,0,0,0
363,VAS,"Vidya Academy of Science & Technology, Thrissur.",Computer Science & Engineering,S,27200,32074,39251,31489,0,43604,27342,0,0,0,52755,0
364,VIT,"Vijnan Institute of Science & Technology, Piravam.",Computer Science & Engineering,S,46654,0,0,0,0,0,0,0,0,0,0,0
365,VJC,"Viswajyothi College of Engg. & Technology,Vazhakulam.",Computer Science & Engineering,S,23569,29867,44441,39946,46953,36220,24346,0,0,46518,0,0
366,VKE,"Valia Koonambaikulathamma College of Engg. & tech., Parippally.",Computer Science & Engineering,S,51378,0,0,0,0,0,0,0,0,0,0,0
367,VML,"Vimal Jyothi Engineering College, Chemperi.",Computer Science & Engineering,S,44292,52908,52137,45034,0,0,0,0,0,0,52542,0
368,VPE,"Mahaguru Institute of Technology, Mavelikkara, Alappuzha",Computer Science & Engineering,S,52483,0,0,0,0,0,0,0,0,0,0,0
369,VVT,"Veda Vyasa Institute of Technology, Ponnempadam, Malappuram.",Computer Science & Engineering,S,51568,0,0,0,0,0,0,0,0,0,0,0
370,YCE,"Younus College of Engg. & Technology, Vadakkevila, Kollam",Computer Science & Engineering,S,52769,0,0,0,0,0,0,0,0,0,0,0
371,ASI,"Adi Sankara Institute of Engg. & Tech., Kalady, Ernakulam.",Computer Science & Engineering (Aritificial Engineering),S,26884,32620,34618,29229,30651,46277,0,0,0,0,0,0
372,MUT,"Muthoot Institute of Tech. & Science, Puthencurz, Ernakulam.",Computer Science & Engineering (Aritificial Engineering),S,12737,21435,25112,15601,25847,0,0,0,0,0,24627,0
373,RIE,"Rajadhani Institute of Engineering & Tech., Attingal.",Computer Science & Engineering (Cyber Security),S,37710,43226,51979,47611,0,0,0,0,0,0,53107,0
374,CDI,"College of Dairy Science & Tech., Idukki",Dairy Technology,G,10559,13968,13562,16290,0,0,18489,27886,0,0,37506,0
375,CDP,"College of Dairy Science & Tech., Pookode Campus, Wayanad.",Dairy Technology,G,9334,10621,12642,16046,19621,0,0,0,42475,0,34046,0
376,CDT,"College of Dairy Science & Tech., Mannuthy, Thrissur",Dairy Technology,G,6631,8060,7665,0,0,16953,6913,0,0,45992,16896,0
377,CDV,"College of Dairy Science & Tech., Karakulam P O, TVM.",Dairy Technology,G,9133,11741,10628,16114,30396,0,16660,0,0,0,21266,0
378,IDK,"Engineering College, Idukki",Electical & Electronics Engineering,G,9875,23327,23659,35473,49752,34909,29439,0,49660,0,53219,53227
379,KNR,"Govt. College of Engineering, Kannur.",Electical & Electronics Engineering,G,9892,12960,12561,12387,23998,44394,14827,0,48073,15926,52206,0
380,KTE,"Govt. Rajiv Gandhi Institute of Tech., Kottayam.",Electical & Electronics Engineering,G,8009,9302,9963,11236,14984,26586,10719,22602,50654,0,40807,39321
381,MAC,"M A College of Engineering, Kothamangalam.",Electical & Electronics Engineering,G,8474,9706,10466,10330,13532,20855,8538,23931,22984,36023,52664,34375
382,NSS,"N S S College of Engineering, Palakkad.",Electical & Electronics Engineering,G,9769,13185,13227,14421,20734,29817,11144,0,0,0,53162,51726
383,PKD,"Govt. Engineering College, Sreekrishnapuram.",Electical & Electronics Engineering,G,9642,16933,16725,16874,43051,47665,16216,0,0,0,51411,0
384,TCR,"Govt. Engineering College,Thrissur.",Electical & Electronics Engineering,G,3902,5238,4960,4931,6843,18721,6744,19707,12827,30336,42403,0
385,TKM,"T K M College of Engineering, Kollam.",Electical & Electronics Engineering,G,4764,5985,5989,7421,6670,42430,6931,8497,17673,9792,39222,0
386,TRV,"Govt. Engineering College, Barton Hills, TVM",Electical & Electronics Engineering,G,6405,7678,7476,8036,7614,14887,13603,14396,0,47246,44888,0
387,TVE,"College of Engineering,Thiruvananthapuram.",Electical & Electronics Engineering,G,1463,2076,2462,1858,3763,9241,3052,6090,11124,11222,27796,26399
388,WYD,"Govt. Engineering College, Mananthavady.",Electical & Electronics Engineering,G,10116,23364,23980,34414,0,0,29335,50159,0,41514,52276,0
389,ADR,"College of Engineering, Adoor",Electical & Electronics Engineering,N,49677,0,0,0,0,0,0,0,0,0,0,0
390,AEC,"College of Engineering, Aranmula, Pathanamthitta.",Electical & Electronics Engineering,N,50733,0,0,0,0,0,0,0,0,0,0,0
391,CEA,"College of Engineering, Attingal, Thiruvananthapuram.",Electical & Electronics Engineering,N,39396,40325,47392,40786,0,0,0,0,0,0,51643,0
392,CEC,"College of Engineering, Cherthala, Alappuzha.",Electical & Electronics Engineering,N,52050,0,0,0,0,0,0,0,0,0,0,0
393,CEM,"College of Engineering, Muttathara.",Electical & Electronics Engineering,N,52323,0,0,0,0,0,0,0,0,0,0,0
394,CHN,"College of Engineering, Chengannur, Alappuzha.",Electical & Electronics Engineering,N,49972,0,0,0,0,0,0,0,0,0,0,0
395,KGR,"College of Engineering, Kidangoor.",Electical & Electronics Engineering,N,52382,0,0,0,0,0,0,0,0,0,0,0
396,KNP,"College of Engineering, Karunagappally.",Electical & Electronics Engineering,N,51690,0,0,0,0,0,0,0,0,0,0,0
397,KSD,"LBS College of Engineering, Kasaragod.",Electical & Electronics Engineering,N,52710,0,0,0,0,0,0,0,0,0,0,0
398,MDL,"Model Engineering College, Thrikkakkara.",Electical & Electronics Engineering,N,7942,9432,8286,0,0,52054,31765,0,40275,37051,52846,0
399,MNR,"College of Engineering, Munnar.",Electical & Electronics Engineering,N,45607,0,0,0,0,0,0,0,0,0,0,0
400,PEC,"College of Engineering, Pathanapuram.",Electical & Electronics Engineering,N,51792,0,0,0,0,0,0,0,0,0,0,0
401,PRN,College of Engineering Perumon.,Electical & Electronics Engineering,N,24696,30425,38371,28888,27073,0,48611,0,0,0,50085,0
402,PRP,"College of Engineering & Management, Punnapra.",Electical & Electronics Engineering,N,52335,0,0,0,0,0,0,0,0,0,0,0
403,PTA,"College of Engineering, Kallooppara.",Electical & Electronics Engineering,N,52452,0,0,0,0,0,0,0,0,0,0,0
404,TKR,"College of Engineering, Thrikarippur, Kasaragod.",Electical & Electronics Engineering,N,53013,0,0,0,0,0,0,0,0,0,0,0
405,TLY,"College of Engineering, Thalassery, Kannur.",Electical & Electronics Engineering,N,41890,52171,46049,51425,0,0,0,0,0,0,0,0
406,UCC,"Calicut Unity. Institute of Engineering & Tech., Tenhipalam.",Electical & Electronics Engineering,N,51097,0,0,0,0,0,0,0,0,0,0,0
407,UCE,"University College of Engineering,Thodupuzha.",Electical & Electronics Engineering,N,51887,0,0,0,0,0,0,0,0,0,0,0
408,VDA,"College of Engineering, Vadakara, Kozhikode.",Electical & Electronics Engineering,N,52364,0,0,0,0,0,0,0,0,0,0,0
409,AAP,"Al-Ameen College of Engineering, Pattambi.",Electical & Electronics Engineering,S,48026,0,0,0,0,0,0,0,0,0,0,0
410,AIK,"Albertian Institute of Science and Technology, Kalamassery.",Electical & Electronics Engineering,S,52020,0,0,0,0,0,0,0,0,0,0,0
411,AJC,"Amal Jyothi College of Engineering, Koovapally, Kanjirapally",Electical & Electronics Engineering,S,52479,0,0,0,0,0,0,0,0,0,0,0
412,AME,"Rajadhani Institute of Science and Technology, Palakkad",Electical & Electronics Engineering,S,47826,0,0,0,0,0,0,0,0,0,0,0
413,ASI,"Adi Sankara Institute of Engg. & Tech., Kalady, Ernakulam.",Electical & Electronics Engineering,S,48763,0,0,0,0,0,0,0,0,0,0,0
414,ATP,"Ahalia School of Engineering & Technology, Pudussery, Palakkad.",Electical & Electronics Engineering,S,47167,0,0,0,0,0,0,0,0,0,0,0
415,AWH,"AWH Engineering College, Kozhikkode",Electical & Electronics Engineering,S,0,0,0,0,0,0,0,0,0,0,0,0
416,AXE,"Axis College of Engineering & Technology, Murikkingal, Thrissur.",Electical & Electronics Engineering,S,0,0,0,0,0,0,0,0,0,0,0,0
417,BJK,"Bishop Jerome Institute, Kollam.",Electical & Electronics Engineering,S,52288,0,0,0,0,0,0,0,0,0,0,0
418,BMC,"Baselios Mathew II College of Engg., Sasthamcotta, Kollam.",Electical & Electronics Engineering,S,51394,0,0,0,0,0,0,0,0,0,0,0
419,CCE,"Christ College of Engineering, Irinjalakuda.",Electical & Electronics Engineering,S,45254,0,0,0,0,0,0,0,0,0,0,0
420,CCV,"MGM College of Engineering and Pharmaceutical Sciences,",Electical & Electronics Engineering,S,0,0,0,0,0,0,0,0,0,0,0,0
421,CEN,"College of Engineering and Technology, Payyannur, Kannur.",Electical & Electronics Engineering,S,33710,0,0,0,0,0,0,0,0,0,0,0
422,CMA,"Carmel College of Engg. & Technology, Punnapra, Alappuzha.",Electical & Electronics Engineering,S,51816,0,0,0,0,0,0,0,0,0,0,0
423,DMC,"M Dasan Memmorial Co-op. Inst. of Engg. & Inf. Tech., Koyilandy.",Electical & Electronics Engineering,S,51602,0,0,0,0,0,0,0,0,0,0,0
424,FIT,"Federal Institute of Science & Tech., Angamaly.",Electical & Electronics Engineering,S,47745,0,0,0,0,0,0,0,0,0,0,0
425,GIT,"Gurudeva Institute of Science & Technology, Puthuppally.",Electical & Electronics Engineering,S,0,0,0,0,0,0,0,0,0,0,0,0
426,HCE,"Heera College of Engineering & Technology, Nedumangad.",Electical & Electronics Engineering,S,17038,0,0,0,0,0,0,0,0,0,0,0
427,HGW,"Holy Grace Academy of Engineering, Mala, Thrissur.",Electical & Electronics Engineering,S,52672,0,0,0,0,0,0,0,0,0,0,0
428,ICE,"Ilahia College of Engineering & Tech., Moovattupuzha.",Electical & Electronics Engineering,S,0,0,0,0,0,0,0,0,0,0,0,0
429,IES,"I E S College of Engineering, Chittilappilly.",Electical & Electronics Engineering,S,52235,0,0,0,0,0,0,0,0,0,0,0
430,IGW,"Indira Gandhi Inst. of Engineering & Tech., Kothamangalam",Electical & Electronics Engineering,S,50866,0,0,0,0,0,0,0,0,0,0,0
431,JBT,"Jai Bharath College of Management & Engg. Tech., Perumbavoor.",Electical & Electronics Engineering,S,21380,0,0,0,0,0,0,0,0,0,0,0
432,JEC,"Jyothi Engineering College, Cheruthuruthy.",Electical & Electronics Engineering,S,47476,0,0,0,0,0,0,0,0,0,0,0
433,JIT,"John Cox Memorial CSI Institute of Technology,",Electical & Electronics Engineering,S,50445,0,0,0,0,0,0,0,0,0,0,0
434,KIT,"Kottayam Institute of Tech. & Science, Pallicathode, Kottayam.",Electical & Electronics Engineering,S,0,0,0,0,0,0,0,0,0,0,0,0
435,KMC,"KMCT College of  Engineering, Kozhikkode.",Electical & Electronics Engineering,S,0,0,0,0,0,0,0,0,0,0,0,0
436,KME,"K M E A Engineering College, Edathala.",Electical & Electronics Engineering,S,51422,0,0,0,0,0,0,0,0,0,0,0
437,LMC,"Lourdes Matha College of Science and Technology, Kuttichal.",Electical & Electronics Engineering,S,44027,0,0,0,0,0,0,0,0,0,0,0
438,MBC,"Mar Baselios Christian College of Engg. & Tech., Peermede.",Electical & Electronics Engineering,S,52509,0,0,0,0,0,0,0,0,0,0,0
439,MBI,"Mar Baselios Institute of Technology & Science, Kothamangalam.",Electical & Electronics Engineering,S,52917,0,0,0,0,0,0,0,0,0,0,0
440,MBT,"Mar Baselious College of Engg. & Tech., Thiruvananthapuram.",Electical & Electronics Engineering,S,51479,0,0,0,0,0,0,0,0,0,0,0
441,MCE,"Marian Engineering College, Kazhakuttom.",Electical & Electronics Engineering,S,51511,0,0,0,0,0,0,0,0,0,0,0
442,MCK,"Musaliar College of Engineering & Tech., Pathanamthitta.",Electical & Electronics Engineering,S,43040,0,0,0,0,0,0,0,0,0,0,0
443,MCT,"Mohandas College of Engg. & Tech., Nedumangad, TVM",Electical & Electronics Engineering,S,49514,0,0,0,0,0,0,0,0,0,0,0
444,MEA,"M E A Engineering College, Malappuram.",Electical & Electronics Engineering,S,48141,0,0,0,0,0,0,0,0,0,0,0
445,MEK,"MES Institute of Tech. & Management, Chathannoor.",Electical & Electronics Engineering,S,51939,0,0,0,0,0,0,0,0,0,0,0
446,MES,"M E S College of Engineering, Kuttippuram.",Electical & Electronics Engineering,S,48797,0,0,0,0,0,0,0,0,0,0,0
447,MGC,"M G College of Engineering, Thiruvallom.",Electical & Electronics Engineering,S,0,0,0,0,0,0,0,0,0,0,0,0
448,MGE,"MGM College of Engineering & Technology, Ernakulam",Electical & Electronics Engineering,S,49834,0,0,0,0,0,0,0,0,0,0,0
449,MGP,"Saintgits College of Engineering, Kottayam",Electical & Electronics Engineering,S,52616,0,0,0,0,0,0,0,0,0,0,0
450,MHP,"Ace College of Engineering, .Thiruvallam.",Electical & Electronics Engineering,S,45123,0,0,0,0,0,0,0,0,0,0,0
451,MLM,"Mangalam College of Engineering, Ettumanoor.",Electical & Electronics Engineering,S,50877,0,0,0,0,0,0,0,0,0,0,0
452,MLT,"Malabar Institute of Technology, Anjarakandi.",Electical & Electronics Engineering,S,0,0,0,0,0,0,0,0,0,0,0,0
453,MUS,"Muslim Association College of Engineering, Venjaramoodu.",Electical & Electronics Engineering,S,42737,0,0,0,0,0,0,0,0,0,0,0
454,MUT,"Muthoot Institute of Tech. & Science, Puthencurz, Ernakulam.",Electical & Electronics Engineering,S,47314,0,0,0,0,0,0,0,0,0,0,0
455,NCE,"Nehru College of Engg. & Research Centre, Thiruvillwamala.",Electical & Electronics Engineering,S,45806,0,0,0,0,0,0,0,0,0,0,0
456,PAA,"P A Aziz College of Engineering, Karakulam, Thiruvananthapuram",Electical & Electronics Engineering,S,0,0,0,0,0,0,0,0,0,0,0,0
457,PRC,"Providence College of Engineering, Chengannur.",Electical & Electronics Engineering,S,52656,0,0,0,0,0,0,0,0,0,0,0
458,PRS,"PRS College of Engineering & Tech., Neyyattinkara.",Electical & Electronics Engineering,S,0,0,0,0,0,0,0,0,0,0,0,0
459,RET,"Rajagiri School of Engineering and Technology, Kochi.",Electical & Electronics Engineering,S,41440,0,0,0,49411,0,0,0,0,0,0,0
460,RIE,"Rajadhani Institute of Engineering & Tech., Attingal.",Electical & Electronics Engineering,S,52550,0,0,0,0,0,0,0,0,0,0,0
461,SBC,"Sree Buddha College of Engineering, Nooranadu.",Electical & Electronics Engineering,S,49755,0,0,0,0,0,0,0,0,0,0,0
462,SBW,"Sree Buddha College of Engineering, Elavumthitta, Pathanamthitta",Electical & Electronics Engineering,S,0,0,0,0,0,0,0,0,0,0,0,0
463,SCM,"SCMS School of Engg. & Tech., Ernakulam",Electical & Electronics Engineering,S,48363,0,0,0,0,0,0,0,0,0,0,0
464,SHM,"Shahul Hameed Memorial Engineering College, Kadakkal, Kollam",Electical & Electronics Engineering,S,0,0,0,0,0,0,0,0,0,0,0,0
465,SHR,"Sahrdaya College of Engineering and Technology, Kodakara.",Electical & Electronics Engineering,S,43421,0,0,0,0,0,0,0,0,0,0,0
466,SIT,"Sarabhai Institute of Science & Technology, Vellanad.",Electical & Electronics Engineering,S,0,0,0,0,0,0,0,0,0,0,0,0
467,SJC,"St. Josephs College of Engineering and Technology,Palai.",Electical & Electronics Engineering,S,46643,0,0,0,0,0,0,0,0,0,0,0
468,SNC,"Sree Narayana Guru College of Engg & Technology, Payyannur.",Electical & Electronics Engineering,S,48257,0,0,0,0,0,0,0,0,0,0,0
469,SNG,"Sree Narayana Gurukulam College of Engineering, Kolencherry.",Electical & Electronics Engineering,S,40028,0,0,0,0,0,0,0,0,0,0,0
470,SNM,"Sree Narayana Mangalam Inst. of Mgmt. & Tech., Moothakunnam.",Electical & Electronics Engineering,S,51054,0,0,0,0,0,0,0,0,0,0,0
471,SNP,"Sree Narayana Institute of Technology, Adoor",Electical & Electronics Engineering,S,48895,0,0,0,0,0,0,0,0,0,0,0
472,SNT,"Sree Narayana Guru Institute of Science & Tech., N. Paravoor.",Electical & Electronics Engineering,S,0,0,0,0,0,0,0,0,0,0,0,0
473,SPT,"Sreepathy Institute of Management & Tech., Koottanad.",Electical & Electronics Engineering,S,45831,0,0,0,0,0,0,0,0,0,0,0
474,STC,"St. Thomas College of Engg. & Technology, Chengannur.",Electical & Electronics Engineering,S,48791,0,0,0,0,0,0,0,0,0,0,0
475,STI,"St. Thomas Institute of Science & Technology, Kattaikonam.",Electical & Electronics Engineering,S,0,0,0,0,0,0,0,0,0,0,0,0
476,TCT,"Trinity College of Engg, Neruvamoodu, Thiruvananthapuram.",Electical & Electronics Engineering,S,53120,0,0,0,0,0,0,0,0,0,0,0
477,TEC,"Travancore Engineering College, Oyoor, Kollam.",Electical & Electronics Engineering,S,48372,0,0,0,0,0,0,0,0,0,0,0
478,TJE,"Thejus Engineering College, Erumapetti, Thrissur.",Electical & Electronics Engineering,S,51525,0,0,0,0,0,0,0,0,0,0,0
479,TKI,"T K M Institute of Technology, Ezhukone, Kollam.",Electical & Electronics Engineering,S,53186,0,0,0,0,0,0,0,0,0,0,0
480,TOC,"Toc H Institute of Science & Tech., Mulamthurutthy.",Electical & Electronics Engineering,S,21837,0,0,0,0,0,0,0,0,0,0,0
481,UKP,"UKF College of Engineering & Tech., Parippally.",Electical & Electronics Engineering,S,49838,0,0,0,0,0,0,0,0,0,0,0
482,UNT,"Universal Engineering College, Vallivattom, Thrissur.",Electical & Electronics Engineering,S,52836,0,0,0,0,0,0,0,0,0,0,0
483,VAK,"Vidya Academy of Science & Technology, Kilimanoor.",Electical & Electronics Engineering,S,51483,0,0,0,0,0,0,0,0,0,0,0
484,VAS,"Vidya Academy of Science & Technology, Thrissur.",Electical & Electronics Engineering,S,49271,0,0,0,0,0,0,0,0,0,0,0
485,VIT,"Vijnan Institute of Science & Technology, Piravam.",Electical & Electronics Engineering,S,0,0,0,0,0,0,0,0,0,0,0,0
486,VJC,"Viswajyothi College of Engg. & Technology,Vazhakulam.",Electical & Electronics Engineering,S,50191,0,0,0,0,0,0,0,0,0,0,0
487,VKE,"Valia Koonambaikulathamma College of Engg. & tech., Parippally.",Electical & Electronics Engineering,S,20654,0,0,0,0,0,0,0,0,0,0,0
488,VML,"Vimal Jyothi Engineering College, Chemperi.",Electical & Electronics Engineering,S,52228,0,0,0,0,0,0,0,0,0,0,0
489,VPE,"Mahaguru Institute of Technology, Mavelikkara, Alappuzha",Electical & Electronics Engineering,S,50041,0,0,0,0,0,0,0,0,0,0,0
490,VVT,"Veda Vyasa Institute of Technology, Ponnempadam, Malappuram.",Electical & Electronics Engineering,S,0,0,0,0,0,0,0,0,0,0,0,0
491,YCE,"Younus College of Engg. & Technology, Vadakkevila, Kollam",Electical & Electronics Engineering,S,49295,0,0,0,0,0,0,0,0,0,0,0
492,TOC,"Toc H Institute of Science & Tech., Mulamthurutthy.",Electrical & Computer Engineering,S,48520,0,0,0,0,0,0,0,0,0,0,0
493,MDL,"Model Engineering College, Thrikkakkara.",Electronics & Biomedical Engineering,N,10885,17120,14348,18518,15494,20816,12081,0,0,0,41497,0
494,SPT,"Sreepathy Institute of Management & Tech., Koottanad.",Electronics & Communication Engineering,S,43488,0,0,0,0,0,0,0,0,0,0,0
495,STC,"St. Thomas College of Engg. & Technology, Chengannur.",Electronics & Communication Engineering,S,43024,0,0,0,0,0,0,0,0,0,0,0
496,STI,"St. Thomas Institute of Science & Technology, Kattaikonam.",Electronics & Communication Engineering,S,46989,0,0,0,0,0,0,0,0,0,0,0
497,STM,"St. Thomas College of Engineering & Technology,  Kannur.",Electronics & Communication Engineering,S,52567,0,0,0,0,0,0,0,0,0,0,0
498,TCT,"Trinity College of Engg, Neruvamoodu, Thiruvananthapuram.",Electronics & Communication Engineering,S,44800,0,0,0,0,0,0,0,0,0,0,0
499,TOC,"Toc H Institute of Science & Tech., Mulamthurutthy.",Electronics & Communication Engineering,S,41370,0,0,0,0,0,0,0,0,0,0,0
500,UKP,"UKF College of Engineering & Tech., Parippally.",Electronics & Communication Engineering,S,45536,0,0,0,0,0,0,0,0,0,0,0
501,UNT,"Universal Engineering College, Vallivattom, Thrissur.",Electronics & Communication Engineering,S,52867,0,0,0,0,0,0,0,0,0,0,0
502,VAK,"Vidya Academy of Science & Technology, Kilimanoor.",Electronics & Communication Engineering,S,47918,0,0,0,0,0,0,0,0,0,0,0
503,VAS,"Vidya Academy of Science & Technology, Thrissur.",Electronics & Communication Engineering,S,49865,0,0,0,0,0,0,0,0,0,0,0
504,VIT,"Vijnan Institute of Science & Technology, Piravam.",Electronics & Communication Engineering,S,0,0,0,0,0,0,0,0,0,0,0,0
505,VJC,"Viswajyothi College of Engg. & Technology,Vazhakulam.",Electronics & Communication Engineering,S,40183,0,0,0,0,0,0,0,0,0,0,0
506,VKE,"Valia Koonambaikulathamma College of Engg. & tech., Parippally.",Electronics & Communication Engineering,S,51878,0,0,0,0,0,0,0,0,0,0,0
507,VML,"Vimal Jyothi Engineering College, Chemperi.",Electronics & Communication Engineering,S,49928,0,0,0,0,0,0,0,0,0,0,0
508,VPE,"Mahaguru Institute of Technology, Mavelikkara, Alappuzha",Electronics & Communication Engineering,S,52572,0,0,0,0,0,0,0,0,0,0,0
509,VVT,"Veda Vyasa Institute of Technology, Ponnempadam, Malappuram.",Electronics & Communication Engineering,S,0,0,0,0,0,0,0,0,0,0,0,0
510,YCE,"Younus College of Engg. & Technology, Vadakkevila, Kollam",Electronics & Communication Engineering,S,51623,0,0,0,0,0,0,0,0,0,0,0
511,CHN,"College of Engineering, Chengannur, Alappuzha.",Electronics & Instrumentation,N,52574,0,0,0,0,0,0,0,0,0,0,0
512,FIT,"Federal Institute of Science & Tech., Angamaly.",Electronics & Instrumentation,S,48368,0,0,0,0,0,0,0,0,0,0,0
513,SIT,"Sarabhai Institute of Science & Technology, Vellanad.",Electronics & Instrumentation,S,0,0,0,0,0,0,0,0,0,0,0,0
514,SJC,"St. Josephs College of Engineering and Technology,Palai.",Electronics & Instrumentation,S,29863,0,0,0,0,0,0,0,0,0,0,0
515,CFT,"College of Food Technolgy, Thumburmuzhy",Food Technology,G,9288,12548,11430,11011,19558,0,0,0,0,0,40494,0
516,COU,"School of Ocean Engg. & Underwater Tech., KUFOS, Panangad",Food Technology,G,12368,15215,13826,16729,15100,19100,12936,13888,0,0,42495,0
517,KCT,"Kelappaji College of-Agrl. Engg. & Technology, Tavanur.",Food Technology,G,12429,14889,14120,17917,0,38793,16687,0,39181,12469,33294,0
518,AJC,"Amal Jyothi College of Engineering, Koovapally, Kanjirapally",Food Technology,S,32550,51160,40651,43151,36216,0,0,0,0,0,51702,0
519,MGP,"Saintgits College of Engineering, Kottayam",Food Technology,S,28873,36052,36186,0,39257,42056,0,50111,0,0,51606,0
520,SBC,"Sree Buddha College of Engineering, Nooranadu.",Food Technology,S,37665,0,41261,0,0,0,0,0,47313,0,49534,0
521,TKI,"T K M Institute of Technology, Ezhukone, Kollam.",Food Technology,S,28663,41130,32269,0,0,43433,0,0,0,0,47958,0
522,TVE,"College of Engineering,Thiruvananthapuram.",Industrial Engineering,G,6769,8985,9034,9667,12594,30202,25835,0,52059,0,49487,0
523,IDK,"Engineering College, Idukki",Information Technology,G,14423,23163,19899,33788,38059,0,22219,29137,0,0,52553,51333
524,PKD,"Govt. Engineering College, Sreekrishnapuram.",Information Technology,G,11301,14741,13652,15635,19310,51727,23900,0,0,0,49379,0
525,TRV,"Govt. Engineering College, Barton Hills, TVM",Information Technology,G,7890,8510,9791,10764,12759,33829,10516,10907,42518,22612,44551,0
526,KSD,"LBS College of Engineering, Kasaragod.",Information Technology,N,35254,43511,35671,0,0,0,0,0,0,0,0,0
527,LBT,"LBS Institute of Tech. for Women, Poojapura, TVPM",Information Technology,N,29155,35982,32262,35531,46682,0,0,0,0,0,48928,0
528,TLY,"College of Engineering, Thalassery, Kannur.",Information Technology,N,37198,45341,43000,39548,0,40348,41971,0,0,0,53156,0
529,UCC,"Calicut Unity. Institute of Engineering & Tech., Tenhipalam.",Information Technology,N,53202,0,0,0,0,0,0,0,0,0,0,0
530,UCK,"University College of Engineering, Kariavattom.",Information Technology,N,46815,50787,0,49691,0,0,0,0,0,0,0,0
531,VDA,"College of Engineering, Vadakara, Kozhikode.",Information Technology,N,53092,0,0,0,0,0,0,0,0,0,0,0
532,AJC,"Amal Jyothi College of Engineering, Koovapally, Kanjirapally",Information Technology,S,53114,0,0,0,0,0,0,0,0,0,0,0
533,KMC,"KMCT College of  Engineering, Kozhikkode.",Information Technology,S,47458,0,0,0,0,0,0,0,0,0,0,0
534,MEA,"M E A Engineering College, Malappuram.",Information Technology,S,49869,0,0,0,0,0,0,0,0,0,0,0
535,MES,"M E S College of Engineering, Kuttippuram.",Information Technology,S,52811,0,0,0,0,0,0,0,0,0,0,0
536,RET,"Rajagiri School of Engineering and Technology, Kochi.",Information Technology,S,17696,36007,25232,0,0,31670,0,0,36270,0,0,0
537,TOC,"Toc H Institute of Science & Tech., Mulamthurutthy.",Information Technology,S,53137,0,0,0,0,0,0,0,0,0,0,0
538,VJC,"Viswajyothi College of Engg. & Technology,Vazhakulam.",Information Technology,S,49675,0,0,0,0,0,0,0,0,0,0,0
539,NSS,"N S S College of Engineering, Palakkad.",Instrumentation & Control Engg,G,15118,17775,18417,19079,0,0,27062,0,0,0,53236,0
540,SNM,"Sree Narayana Mangalam Inst. of Mgmt. & Tech., Moothakunnam.",Instrumentation & Control Engg,S,51115,0,0,0,0,0,0,0,0,0,0,0
541,SCT,"S C T College of Engineering, Pappanamcode, TVPM",Mechanical (Production Engg.),N,34336,41170,43321,38998,37754,0,43878,0,0,47375,37995,0
542,VPE,"Mahaguru Institute of Technology, Mavelikkara, Alappuzha",Mechanical (Production Engg.),S,0,0,0,0,0,0,0,0,0,0,0,0
543,SCT,"S C T College of Engineering, Pappanamcode, TVPM",Mechanical Engg. (Automobile),N,23740,25504,35016,0,0,0,27271,0,0,0,53082,0
544,AJC,"Amal Jyothi College of Engineering, Koovapally, Kanjirapally",Mechanical Engg. (Automobile),S,53063,0,0,0,0,0,0,0,0,0,0,0
545,SNP,"Sree Narayana Institute of Technology, Adoor",Mechanical Engg. (Automobile),S,53127,0,0,0,0,0,0,0,0,0,0,0
546,IDK,"Engineering College, Idukki",Mechanical Engineering,G,11460,27354,23087,35825,37351,39156,36955,43715,0,0,48905,0
547,KKE,"Govt. Engineering College, Kozhikkode.",Mechanical Engineering,G,10986,18261,18354,17481,33170,52035,16735,15961,0,0,48445,34815
548,KNR,"Govt. College of Engineering, Kannur.",Mechanical Engineering,G,11213,13755,14189,14157,22924,39531,16479,32476,0,19157,47572,34473
549,KTE,"Govt. Rajiv Gandhi Institute of Tech., Kottayam.",Mechanical Engineering,G,9301,10936,9710,13628,22374,20584,12274,0,0,0,52973,0
550,MAC,"M A College of Engineering, Kothamangalam.",Mechanical Engineering,G,9856,12048,11342,14005,22297,32153,10462,33738,28281,0,51165,0
551,NSS,"N S S College of Engineering, Palakkad.",Mechanical Engineering,G,11446,14799,13969,15141,26658,42060,14971,0,41664,0,51008,50867
552,PKD,"Govt. Engineering College, Sreekrishnapuram.",Mechanical Engineering,G,11130,19929,19995,18826,37936,0,17632,0,0,0,52368,0
553,TCR,"Govt. Engineering College,Thrissur.",Mechanical Engineering,G,4411,6170,6321,6546,17297,26342,6657,0,9989,9702,39014,50553
554,TKM,"T K M College of Engineering, Kollam.",Mechanical Engineering,G,5629,7390,6979,9889,19151,16494,8581,14742,45703,0,47455,0
555,TRV,"Govt. Engineering College, Barton Hills, TVM",Mechanical Engineering,G,7484,9969,8188,9714,10863,28024,9782,14049,0,10798,37069,0
556,TVE,"College of Engineering,Thiruvananthapuram.",Mechanical Engineering,G,1579,2297,2454,1811,3617,6795,5477,2606,2295,6721,29338,39386
557,WYD,"Govt. Engineering College, Mananthavady.",Mechanical Engineering,G,12428,25981,23870,35513,52133,42540,35840,35409,46879,37693,52154,48217
558,ADR,"College of Engineering, Adoor",Mechanical Engineering,N,41578,51644,50538,47506,0,0,51502,0,0,0,51848,0
559,CEM,"College of Engineering, Muttathara.",Mechanical Engineering,N,51470,0,0,0,0,0,0,0,0,0,0,0
560,KNP,"College of Engineering, Karunagappally.",Mechanical Engineering,N,52723,0,0,0,0,0,0,0,0,0,0,0
561,KSD,"LBS College of Engineering, Kasaragod.",Mechanical Engineering,N,51187,0,0,0,0,0,0,0,0,0,0,0
562,MDL,"Model Engineering College, Thrikkakkara.",Mechanical Engineering,N,11556,14236,12212,18341,15902,31591,15152,0,0,0,43524,48660
563,MNR,"College of Engineering, Munnar.",Mechanical Engineering,N,53232,0,0,0,0,0,0,0,0,0,0,0
564,PEC,"College of Engineering, Pathanapuram.",Mechanical Engineering,N,51959,0,0,0,0,0,0,0,0,0,0,0
565,PRN,College of Engineering Perumon.,Mechanical Engineering,N,29515,34322,43155,0,33160,0,45965,35699,0,38637,40462,0
566,PRP,"College of Engineering & Management, Punnapra.",Mechanical Engineering,N,51961,0,0,0,0,0,0,0,0,0,0,0
567,SCT,"S C T College of Engineering, Pappanamcode, TVPM",Mechanical Engineering,N,14630,19712,17478,17057,21085,30664,16487,0,0,0,52147,0
568,TLY,"College of Engineering, Thalassery, Kannur.",Mechanical Engineering,N,38094,47764,51262,42830,0,0,40510,0,0,0,49765,0
569,UCC,"Calicut Unity. Institute of Engineering & Tech., Tenhipalam.",Mechanical Engineering,N,52782,0,0,0,0,0,0,0,0,0,0,0
570,AAE,"Al-Azhar College of Engineering & Technology, Thodupuzha.",Mechanical Engineering,S,49885,0,0,0,0,0,0,0,0,0,0,0
571,AAP,"Al-Ameen College of Engineering, Pattambi.",Mechanical Engineering,S,44205,0,0,0,0,0,0,0,0,0,0,0
572,AIK,"Albertian Institute of Science and Technology, Kalamassery.",Mechanical Engineering,S,53124,0,0,0,0,0,0,0,0,0,0,0
573,AJC,"Amal Jyothi College of Engineering, Koovapally, Kanjirapally",Mechanical Engineering,S,52460,0,0,0,0,0,0,0,0,0,0,0
574,AME,"Rajadhani Institute of Science and Technology, Palakkad",Mechanical Engineering,S,45146,0,0,0,0,0,0,0,0,0,0,0
575,ASI,"Adi Sankara Institute of Engg. & Tech., Kalady, Ernakulam.",Mechanical Engineering,S,52741,0,0,0,0,0,0,0,0,0,0,0
576,ATP,"Ahalia School of Engineering & Technology, Pudussery, Palakkad.",Mechanical Engineering,S,50587,0,0,0,0,0,0,0,0,0,0,0
577,AWH,"AWH Engineering College, Kozhikkode",Mechanical Engineering,S,52966,0,0,0,0,0,0,0,0,0,0,0
578,AXE,"Axis College of Engineering & Technology, Murikkingal, Thrissur.",Mechanical Engineering,S,0,0,0,0,0,0,0,0,0,0,0,0
579,BJK,"Bishop Jerome Institute, Kollam.",Mechanical Engineering,S,53005,0,0,0,0,0,0,0,0,0,0,0
580,BMC,"Baselios Mathew II College of Engg., Sasthamcotta, Kollam.",Mechanical Engineering,S,52464,0,0,0,0,0,0,0,0,0,0,0
581,CCE,"Christ College of Engineering, Irinjalakuda.",Mechanical Engineering,S,51564,0,0,0,0,0,0,0,0,0,0,0
582,CCV,"MGM College of Engineering and Pharmaceutical Sciences,",Mechanical Engineering,S,52015,0,0,0,0,0,0,0,0,0,0,0
583,CEN,"College of Engineering and Technology, Payyannur, Kannur.",Mechanical Engineering,S,53093,0,0,0,0,0,0,0,0,0,0,0
584,CKC,"Christ Knowledge City, Kuzhoor,EKM",Mechanical Engineering,S,0,0,0,0,0,0,0,0,0,0,0,0
585,CMA,"Carmel College of Engg. & Technology, Punnapra, Alappuzha.",Mechanical Engineering,S,52965,0,0,0,0,0,0,0,0,0,0,0
586,DMC,"M Dasan Memmorial Co-op. Inst. of Engg. & Inf. Tech., Koyilandy.",Mechanical Engineering,S,51796,0,0,0,0,0,0,0,0,0,0,0
587,ECE,"ICCS College of Engineering and Management, Thrissur",Mechanical Engineering,S,0,0,0,0,0,0,0,0,0,0,0,0
588,EKC,"Eranad Knowledgecity Technical Campus, Cherukulam, Manjeri",Mechanical Engineering,S,0,0,0,0,0,0,0,0,0,0,0,0
589,FIT,"Federal Institute of Science & Tech., Angamaly.",Mechanical Engineering,S,51776,0,0,0,0,0,0,0,0,0,0,0
590,GIT,"Gurudeva Institute of Science & Technology, Puthuppally.",Mechanical Engineering,S,0,0,0,0,0,0,0,0,0,0,0,0
591,HCE,"Heera College of Engineering & Technology, Nedumangad.",Mechanical Engineering,S,51729,0,0,0,0,0,0,0,0,0,0,0
592,HGW,"Holy Grace Academy of Engineering, Mala, Thrissur.",Mechanical Engineering,S,0,0,0,0,0,0,0,0,0,0,0,0
593,ICE,"Ilahia College of Engineering & Tech., Moovattupuzha.",Mechanical Engineering,S,46771,0,0,0,0,0,0,0,0,0,0,0
594,IES,"I E S College of Engineering, Chittilappilly.",Mechanical Engineering,S,50029,0,0,0,0,0,0,0,0,0,0,0
595,ILE,"ILM College of Engineering, Perumbavoor, Ernakulam.",Mechanical Engineering,S,0,0,0,0,0,0,0,0,0,0,0,0
596,JBT,"Jai Bharath College of Management & Engg. Tech., Perumbavoor.",Mechanical Engineering,S,0,0,0,0,0,0,0,0,0,0,0,0
597,JCE,"Jawaharlal College of Engineering & Technology, Ottappalam.",Mechanical Engineering,S,48007,0,0,0,0,0,0,0,0,0,0,0
598,JEC,"Jyothi Engineering College, Cheruthuruthy.",Mechanical Engineering,S,53034,0,0,0,0,0,0,0,0,0,0,0
599,JIT,"John Cox Memorial CSI Institute of Technology,",Mechanical Engineering,S,51334,0,0,0,0,0,0,0,0,0,0,0
600,KIT,"Kottayam Institute of Tech. & Science, Pallicathode, Kottayam.",Mechanical Engineering,S,0,0,0,0,0,0,0,0,0,0,0,0
601,KMC,"KMCT College of  Engineering, Kozhikkode.",Mechanical Engineering,S,0,0,0,0,0,0,0,0,0,0,0,0
602,KME,"K M E A Engineering College, Edathala.",Mechanical Engineering,S,38473,0,0,0,0,0,0,0,0,0,0,0
603,LMC,"Lourdes Matha College of Science and Technology, Kuttichal.",Mechanical Engineering,S,51125,0,0,0,0,0,0,0,0,0,0,0
604,MBC,"Mar Baselios Christian College of Engg. & Tech., Peermede.",Mechanical Engineering,S,51047,0,0,0,0,0,0,0,0,0,0,0
605,MBI,"Mar Baselios Institute of Technology & Science, Kothamangalam.",Mechanical Engineering,S,49501,0,0,0,0,0,0,0,0,0,0,0
606,MBT,"Mar Baselious College of Engg. & Tech., Thiruvananthapuram.",Mechanical Engineering,S,50366,0,0,0,0,0,0,0,0,0,0,0
607,MCC,"Musaliar College of Engineering, Chirayinkeezh.",Mechanical Engineering,S,52207,0,0,0,0,0,0,0,0,0,0,0
608,MCE,"Marian Engineering College, Kazhakuttom.",Mechanical Engineering,S,52902,0,0,0,0,0,0,0,0,0,0,0
609,MCK,"Musaliar College of Engineering & Tech., Pathanamthitta.",Mechanical Engineering,S,53159,0,0,0,0,0,0,0,0,0,0,0
610,MCT,"Mohandas College of Engg. & Tech., Nedumangad, TVM",Mechanical Engineering,S,52375,0,0,0,0,0,0,0,0,0,0,0
611,MEA,"M E A Engineering College, Malappuram.",Mechanical Engineering,S,52783,0,0,0,0,0,0,0,0,0,0,0
612,MEC,"Malabar College of Engineering & Tech., Wadakancherry.",Mechanical Engineering,S,0,0,0,0,0,0,0,0,0,0,0,0
613,MEE,"MES College of Engineering & Technology, .Ernakulam.",Mechanical Engineering,S,0,0,0,0,0,0,0,0,0,0,0,0
614,MEK,"MES Institute of Tech. & Management, Chathannoor.",Mechanical Engineering,S,49479,0,0,0,0,0,0,0,0,0,0,0
615,MES,"M E S College of Engineering, Kuttippuram.",Mechanical Engineering,S,42285,0,0,0,0,0,0,0,0,0,0,0
616,MET,"Met's School of Engineering, Mala.",Mechanical Engineering,S,47122,0,0,0,0,0,0,0,0,0,0,0
617,MGE,"MGM College of Engineering & Technology, Ernakulam",Mechanical Engineering,S,23930,0,0,0,0,0,0,0,0,0,0,0
618,MGP,"Saintgits College of Engineering, Kottayam",Mechanical Engineering,S,52487,0,0,0,0,0,0,0,0,0,0,0
619,MHP,"Ace College of Engineering, .Thiruvallam.",Mechanical Engineering,S,53229,0,0,0,0,0,0,0,0,0,0,0
620,MLM,"Mangalam College of Engineering, Ettumanoor.",Mechanical Engineering,S,52420,0,0,0,0,0,0,0,0,0,0,0
621,MLT,"Malabar Institute of Technology, Anjarakandi.",Mechanical Engineering,S,0,0,0,0,0,0,0,0,0,0,0,0
622,MUS,"Muslim Association College of Engineering, Venjaramoodu.",Mechanical Engineering,S,0,0,0,0,0,0,0,0,0,0,0,0
623,MUT,"Muthoot Institute of Tech. & Science, Puthencurz, Ernakulam.",Mechanical Engineering,S,52122,0,0,0,0,0,0,0,0,0,0,0
624,MZC,"Mount Zion College of Engg., Pathanamthitta.",Mechanical Engineering,S,52126,0,0,0,0,0,0,0,0,0,0,0
625,MZW,"Mount Zion Institute of Science & Tehnology, Chengannur",Mechanical Engineering,S,48299,0,0,0,0,0,0,0,0,0,0,0
626,NCE,"Nehru College of Engg. & Research Centre, Thiruvillwamala.",Mechanical Engineering,S,41071,0,0,0,0,0,0,0,0,0,0,0
627,NIE,"Nirmala College of Engineering, Chalakudy.",Mechanical Engineering,S,46326,0,0,0,0,0,0,0,0,0,0,0
628,PAA,"P A Aziz College of Engineering, Karakulam, Thiruvananthapuram",Mechanical Engineering,S,0,0,0,0,0,0,0,0,0,0,0,0
629,PRC,"Providence College of Engineering, Chengannur.",Mechanical Engineering,S,46288,0,0,0,0,0,0,0,0,0,0,0
630,PRS,"PRS College of Engineering & Tech., Neyyattinkara.",Mechanical Engineering,S,52499,0,0,0,0,0,0,0,0,0,0,0
631,RCE,"Royal College of Engineering & Technology, Thrissur.",Mechanical Engineering,S,50229,0,0,0,0,0,0,0,0,0,0,0
632,RET,"Rajagiri School of Engineering and Technology, Kochi.",Mechanical Engineering,S,50122,0,0,0,0,0,0,0,0,0,0,0
633,RIE,"Rajadhani Institute of Engineering & Tech., Attingal.",Mechanical Engineering,S,48628,0,0,0,0,0,0,0,0,0,0,0
634,SBC,"Sree Buddha College of Engineering, Nooranadu.",Mechanical Engineering,S,51631,0,0,0,0,0,0,0,0,0,0,0
635,SBW,"Sree Buddha College of Engineering, Elavumthitta, Pathanamthitta",Mechanical Engineering,S,51766,0,0,0,0,0,0,0,0,0,0,0
636,SCM,"SCMS School of Engg. & Tech., Ernakulam",Mechanical Engineering,S,51082,0,0,0,0,0,0,0,0,0,0,0
637,SGT,"Sadguru Swamy Nithyananda Insti. of Tech., Karsaragod",Mechanical Engineering,S,0,0,0,0,0,0,0,0,0,0,0,0
638,SHM,"Shahul Hameed Memorial Engineering College, Kadakkal, Kollam",Mechanical Engineering,S,0,0,0,0,0,0,0,0,0,0,0,0
639,SIT,"Sarabhai Institute of Science & Technology, Vellanad.",Mechanical Engineering,S,43582,0,0,0,0,0,0,0,0,0,0,0
640,SJC,"St. Josephs College of Engineering and Technology,Palai.",Mechanical Engineering,S,51584,0,0,0,0,0,0,0,0,0,0,0
641,SNC,"Sree Narayana Guru College of Engg & Technology, Payyannur.",Mechanical Engineering,S,52862,0,0,0,0,0,0,0,0,0,0,0
642,SNG,"Sree Narayana Gurukulam College of Engineering, Kolencherry.",Mechanical Engineering,S,51354,0,0,0,0,0,0,0,0,0,0,0
643,SNM,"Sree Narayana Mangalam Inst. of Mgmt. & Tech., Moothakunnam.",Mechanical Engineering,S,50572,0,0,0,0,0,0,0,0,0,0,0
644,SNP,"Sree Narayana Institute of Technology, Adoor",Mechanical Engineering,S,41000,0,0,0,0,0,0,0,0,0,0,0
645,SNT,"Sree Narayana Guru Institute of Science & Tech., N. Paravoor.",Mechanical Engineering,S,29911,0,0,0,0,0,0,0,0,0,0,0
646,SPT,"Sreepathy Institute of Management & Tech., Koottanad.",Mechanical Engineering,S,52118,0,0,0,0,0,0,0,0,0,0,0
647,STC,"St. Thomas College of Engg. & Technology, Chengannur.",Mechanical Engineering,S,51925,0,0,0,0,0,0,0,0,0,0,0
648,STI,"St. Thomas Institute of Science & Technology, Kattaikonam.",Mechanical Engineering,S,51740,0,0,0,0,0,0,0,0,0,0,0
649,STM,"St. Thomas College of Engineering & Technology,  Kannur.",Mechanical Engineering,S,48374,0,0,0,0,0,0,0,0,0,0,0
650,TCE,"Toms College of Engineering, Mattakara, Kottayam",Mechanical Engineering,S,50545,0,0,0,0,0,0,0,0,0,0,0
651,TCT,"Trinity College of Engg, Neruvamoodu, Thiruvananthapuram.",Mechanical Engineering,S,52347,0,0,0,0,0,0,0,0,0,0,0
652,TEC,"Travancore Engineering College, Oyoor, Kollam.",Mechanical Engineering,S,50516,0,0,0,0,0,0,0,0,0,0,0
653,TJE,"Thejus Engineering College, Erumapetti, Thrissur.",Mechanical Engineering,S,47386,0,0,0,0,0,0,0,0,0,0,0
654,TKI,"T K M Institute of Technology, Ezhukone, Kollam.",Mechanical Engineering,S,52087,0,0,0,0,0,0,0,0,0,0,0
655,TOC,"Toc H Institute of Science & Tech., Mulamthurutthy.",Mechanical Engineering,S,50108,0,0,0,0,0,0,0,0,0,0,0
656,UKP,"UKF College of Engineering & Tech., Parippally.",Mechanical Engineering,S,52745,0,0,0,0,0,0,0,0,0,0,0
657,UNT,"Universal Engineering College, Vallivattom, Thrissur.",Mechanical Engineering,S,52569,0,0,0,0,0,0,0,0,0,0,0
658,VAK,"Vidya Academy of Science & Technology, Kilimanoor.",Mechanical Engineering,S,51576,0,0,0,0,0,0,0,0,0,0,0
659,VAS,"Vidya Academy of Science & Technology, Thrissur.",Mechanical Engineering,S,52681,0,0,0,0,0,0,0,0,0,0,0
660,VIT,"Vijnan Institute of Science & Technology, Piravam.",Mechanical Engineering,S,0,0,0,0,0,0,0,0,0,0,0,0
661,VJC,"Viswajyothi College of Engg. & Technology,Vazhakulam.",Mechanical Engineering,S,51311,0,0,0,0,0,0,0,0,0,0,0
662,VKE,"Valia Koonambaikulathamma College of Engg. & tech., Parippally.",Mechanical Engineering,S,48201,0,0,0,0,0,0,0,0,0,0,0
663,VML,"Vimal Jyothi Engineering College, Chemperi.",Mechanical Engineering,S,52609,0,0,0,0,0,0,0,0,0,0,0
664,VPE,"Mahaguru Institute of Technology, Mavelikkara, Alappuzha",Mechanical Engineering,S,53132,0,0,0,0,0,0,0,0,0,0,0
665,VVT,"Veda Vyasa Institute of Technology, Ponnempadam, Malappuram.",Mechanical Engineering,S,0,0,0,0,0,0,0,0,0,0,0,0
666,YCE,"Younus College of Engg. & Technology, Vadakkevila, Kollam",Mechanical Engineering,S,53089,0,0,0,0,0,0,0,0,0,0,0
667,CCV,"MGM College of Engineering and Pharmaceutical Sciences,",Mechatronics Engineering,S,45104,0,0,0,0,0,0,0,0,0,0,0
668,JEC,"Jyothi Engineering College, Cheruthuruthy.",Mechatronics Engineering,S,49112,0,0,0,0,0,0,0,0,0,0,0
669,MEC,"Malabar College of Engineering & Tech., Wadakancherry.",Mechatronics Engineering,S,36931,0,0,0,0,0,0,0,0,0,0,0
670,NCE,"Nehru College of Engg. & Research Centre, Thiruvillwamala.",Mechatronics Engineering,S,51866,0,0,0,0,0,0,0,0,0,0,0
671,NIE,"Nirmala College of Engineering, Chalakudy.",Mechatronics Engineering,S,37110,0,0,0,0,0,0,0,0,0,0,0
672,AJC,"Amal Jyothi College of Engineering, Koovapally, Kanjirapally",Metallurgical and Materials Engineering,S,50505,0,0,0,0,0,0,0,0,0,0,0
673,CKC,"Christ Knowledge City, Kuzhoor,EKM",Naval Arch. & Ship Building,S,53217,0,0,0,0,0,0,0,0,0,0,0
674,SNG,"Sree Narayana Gurukulam College of Engineering, Kolencherry.",Naval Arch. & Ship Building,S,50811,0,0,0,0,0,0,0,0,0,0,0
675,UCE,"University College of Engineering,Thodupuzha.",Polymer Engineering,N,50104,0,0,0,0,0,0,0,0,0,0,0
676,UCC,"Calicut Unity. Institute of Engineering & Tech., Tenhipalam.",Printing Technology,N,51431,0,0,0,0,0,0,0,0,0,0,0
677,TCR,"Govt. Engineering College,Thrissur.",Production Engineering,G,11542,14726,13837,12220,25653,28817,13296,0,30434,28760,48440,0
678,ASI,"Adi Sankara Institute of Engg. & Tech., Kalady, Ernakulam.",Robotics & Automation,S,51591,0,0,0,0,0,0,0,0,0,0,0
679,JEC,"Jyothi Engineering College, Cheruthuruthy.",Robotics & Automation,S,51475,0,0,0,0,0,0,0,0,0,0,0
680,MGP,"Saintgits College of Engineering, Kottayam",Robotics & Automation,S,52430,0,0,0,0,0,0,0,0,0,0,0
681,RIE,"Rajadhani Institute of Engineering & Tech., Attingal.",Robotics & Automation,S,52628,0,0,0,0,0,0,0,0,0,0,0
682,SBC,"Sree Buddha College of Engineering, Nooranadu, Padanilam,",Robotics & Automation,S,46158,48210,0,0,0,46214,51562,0,0,0,0,0
683,TOC,"Toc H Institute of Science & Tech., Mulamthurutthy.",Robotics & Automation,S,52727,0,0,0,0,0,0,0,0,0,0,0
684,EKC,"Eranad Knowledgecity Technical Campus, Cherukulam, Manjeri",Safety & Fire Engineering,S,52990,0,0,0,0,0,0,0,0,0,0,0
685,TOC,"Toc H Institute of Science & Tech., Mulamthurutthy.",Safety & Fire Engineering,S,53028,0,0,0,0,0,0,0,0,0,0,0
